X;CH1;CH2;CH3;CH4;time;Start;Increment
Sequence;Volt;Volt;Volt;Volt;c;-0,12;0,00
0,00;0,02;3,68;0,98;0,21;0;;
1,00;0,02;3,80;0,97;0,20;0,0002;;
2,00;0,02;3,80;0,97;0,20;0,0004;;
3,00;0,02;3,68;0,98;0,21;0,0006;;
4,00;0,02;3,80;0,97;0,20;0,0008;;
5,00;0,02;3,68;0,98;0,21;0,001;;
6,00;0,02;3,76;0,98;0,21;0,0012;;
7,00;0,02;3,68;0,98;0,20;0,0014;;
8,00;0,02;3,72;0,98;0,21;0,0016;;
9,00;0,02;3,68;0,98;0,20;0,0018;;
10,00;0,02;3,72;0,98;0,21;0,002;;
11,00;0,02;3,68;0,99;0,20;0,0022;;
12,00;0,02;3,68;0,98;0,21;0,0024;;
13,00;0,02;3,72;1,00;0,20;0,0026;;
14,00;0,02;3,72;0,99;0,21;0,0028;;
15,00;0,02;3,68;1,00;0,20;0,003;;
16,00;0,02;3,72;1,00;0,20;0,0032;;
17,00;0,02;3,68;0,99;0,21;0,0034;;
18,00;0,02;3,72;1,00;0,21;0,0036;;
19,00;0,02;3,68;1,00;0,20;0,0038;;
20,00;0,02;3,68;1,00;0,20;0,004;;
21,00;0,02;3,72;1,01;0,21;0,0042;;
22,00;0,02;3,68;1,00;0,21;0,0044;;
23,00;0,02;3,72;1,02;0,20;0,0046;;
24,00;0,02;3,72;1,01;0,20;0,0048;;
25,00;0,02;3,68;1,02;0,21;0,005;;
26,00;0,02;3,72;1,02;0,20;0,0052;;
27,00;0,02;3,64;1,02;0,21;0,0054;;
28,00;0,02;3,72;1,02;0,20;0,0056;;
29,00;0,02;3,64;1,03;0,21;0,0058;;
30,00;0,02;3,72;1,02;0,20;0,006;;
31,00;0,02;3,64;1,03;0,21;0,0062;;
32,00;0,02;3,72;1,03;0,20;0,0064;;
33,00;0,02;3,64;1,04;0,21;0,0066;;
34,00;0,02;3,72;1,04;0,21;0,0068;;
35,00;0,02;3,64;1,04;0,20;0,007;;
36,00;0,02;3,72;1,04;0,20;0,0072;;
37,00;0,02;3,68;1,05;0,21;0,0074;;
38,00;0,02;3,72;1,05;0,20;0,0076;;
39,00;0,02;3,64;1,06;0,21;0,0078;;
40,00;0,02;3,72;1,06;0,21;0,008;;
41,00;0,02;3,64;1,06;0,20;0,0082;;
42,00;0,02;3,64;1,06;0,21;0,0084;;
43,00;0,02;3,72;1,07;0,20;0,0086;;
44,00;0,02;3,64;1,07;0,20;0,0088;;
45,00;0,02;3,72;1,08;0,21;0,009;;
46,00;0,02;3,64;1,07;0,21;0,0092;;
47,00;0,02;3,64;1,09;0,20;0,0094;;
48,00;0,02;3,64;1,08;0,21;0,0096;;
49,00;0,02;3,64;1,09;0,20;0,0098;;
50,00;0,02;3,64;1,09;0,20;0,01;;
51,00;0,02;3,64;1,10;0,21;0,0102;;
52,00;0,02;3,64;1,09;0,21;0,0104;;
53,00;0,02;3,64;1,11;0,20;0,0106;;
54,00;0,02;3,64;1,10;0,21;0,0108;;
55,00;0,02;3,64;1,12;0,20;0,011;;
56,00;0,02;3,64;1,11;0,20;0,0112;;
57,00;0,02;3,60;1,12;0,21;0,0114;;
58,00;0,02;3,64;1,12;0,20;0,0116;;
59,00;0,02;3,60;1,13;0,21;0,0118;;
60,00;0,02;3,64;1,13;0,21;0,012;;
61,00;0,02;3,60;1,14;0,20;0,0122;;
62,00;0,02;3,64;1,14;0,20;0,0124;;
63,00;0,02;3,64;1,14;0,21;0,0126;;
64,00;0,02;3,64;1,14;0,20;0,0128;;
65,00;0,02;3,64;1,16;0,21;0,013;;
66,00;0,02;3,64;1,15;0,21;0,0132;;
67,00;0,02;3,64;1,16;0,20;0,0134;;
68,00;0,02;3,64;1,16;0,20;0,0136;;
69,00;0,02;3,64;1,17;0,21;0,0138;;
70,00;0,02;3,64;1,17;0,20;0,014;;
71,00;0,02;3,64;1,18;0,21;0,0142;;
72,00;0,02;3,64;1,18;0,21;0,0144;;
73,00;0,02;3,64;1,19;0,20;0,0146;;
74,00;0,02;3,64;1,18;0,21;0,0148;;
75,00;0,02;3,64;1,20;0,20;0,015;;
76,00;0,02;3,64;1,19;0,20;0,0152;;
77,00;0,02;3,60;1,20;0,21;0,0154;;
78,00;0,02;3,64;1,20;0,21;0,0156;;
79,00;0,02;3,60;1,21;0,20;0,0158;;
80,00;0,02;3,64;1,21;0,20;0,016;;
81,00;0,02;3,60;1,22;0,21;0,0162;;
82,00;0,02;3,64;1,22;0,21;0,0164;;
83,00;0,02;3,60;1,23;0,20;0,0166;;
84,00;0,02;3,64;1,22;0,20;0,0168;;
85,00;0,02;3,60;1,23;0,21;0,017;;
86,00;0,02;3,64;1,23;0,20;0,0172;;
87,00;0,02;3,64;1,24;0,21;0,0174;;
88,00;0,02;3,64;1,24;0,21;0,0176;;
89,00;0,02;3,64;1,25;0,20;0,0178;;
90,00;0,02;3,64;1,24;0,20;0,018;;
91,00;0,02;3,64;1,26;0,21;0,0182;;
92,00;0,02;3,64;1,25;0,21;0,0184;;
93,00;0,02;3,64;1,27;0,20;0,0186;;
94,00;0,02;3,64;1,26;0,20;0,0188;;
95,00;0,02;3,64;1,27;0,21;0,019;;
96,00;0,02;3,64;1,27;0,20;0,0192;;
97,00;0,02;3,64;1,28;0,21;0,0194;;
98,00;0,02;3,64;1,27;0,21;0,0196;;
99,00;0,02;3,64;1,29;0,20;0,0198;;
100,00;0,02;3,64;1,28;0,21;0,02;;
101,00;0,02;3,64;1,29;0,20;0,0202;;
102,00;0,02;3,60;1,28;0,21;0,0204;;
103,00;0,02;3,72;1,30;0,20;0,0206;;
104,00;0,02;3,72;1,30;0,21;0,0208;;
105,00;0,02;3,60;1,30;0,20;0,021;;
106,00;0,02;3,64;1,30;0,21;0,0212;;
107,00;0,02;3,72;1,31;0,20;0,0214;;
108,00;0,02;3,64;1,31;0,21;0,0216;;
109,00;0,02;3,64;1,32;0,20;0,0218;;
110,00;0,02;3,64;1,31;0,21;0,022;;
111,00;0,02;3,64;1,32;0,20;0,0222;;
112,00;0,02;3,64;1,32;0,21;0,0224;;
113,00;0,02;3,64;1,33;0,22;0,0226;;
114,00;0,02;3,64;1,32;0,22;0,0228;;
115,00;0,02;3,64;1,34;0,43;0,023;;
116,00;0,02;3,64;1,33;0,43;0,0232;;
117,00;0,02;3,64;1,34;0,65;0,0234;;
118,00;0,02;3,64;1,33;0,65;0,0236;;
119,00;0,02;3,72;1,34;0,65;0,0238;;
120,00;0,02;3,64;1,34;0,65;0,024;;
121,00;0,02;3,72;1,35;0,65;0,0242;;
122,00;0,02;3,72;1,34;0,65;0,0244;;
123,00;0,02;3,60;1,36;0,65;0,0246;;
124,00;0,02;3,72;1,36;0,65;0,0248;;
125,00;0,02;3,60;1,35;0,65;0,025;;
126,00;0,02;3,64;1,35;0,65;0,0252;;
127,00;0,02;3,64;1,36;0,65;0,0254;;
128,00;0,02;3,64;1,36;0,65;0,0256;;
129,00;0,02;3,64;1,36;0,65;0,0258;;
130,00;0,02;3,64;1,36;0,65;0,026;;
131,00;0,02;3,64;1,37;0,65;0,0262;;
132,00;0,02;3,64;1,37;0,65;0,0264;;
133,00;0,02;3,72;1,36;0,65;0,0266;;
134,00;0,02;3,72;1,37;0,65;0,0268;;
135,00;0,02;3,68;1,38;0,65;0,027;;
136,00;0,02;3,72;1,38;0,65;0,0272;;
137,00;0,02;3,68;1,37;0,65;0,0274;;
138,00;0,02;3,68;1,37;0,65;0,0276;;
139,00;0,02;3,72;1,38;0,65;0,0278;;
140,00;0,02;3,68;1,38;0,65;0,028;;
141,00;0,02;3,72;1,37;0,65;0,0282;;
142,00;0,02;3,72;1,38;0,65;0,0284;;
143,00;0,02;3,68;1,37;0,65;0,0286;;
144,00;0,02;3,72;1,38;0,65;0,0288;;
145,00;0,02;3,64;1,38;0,65;0,029;;
146,00;0,02;3,72;1,38;0,65;0,0292;;
147,00;0,02;3,68;1,38;0,64;0,0294;;
148,00;0,02;3,72;1,38;0,63;0,0296;;
149,00;0,02;3,68;1,38;0,49;0,0298;;
150,00;0,02;3,72;1,38;0,49;0,03;;
151,00;0,02;3,68;1,39;0,37;0,0302;;
152,00;0,02;3,68;1,39;0,37;0,0304;;
153,00;0,02;3,72;1,38;0,26;0,0306;;
154,00;0,02;3,68;1,38;0,26;0,0308;;
155,00;0,02;3,72;1,37;0,17;0,031;;
156,00;0,02;3,68;1,38;0,16;0,0312;;
157,00;0,02;3,72;1,38;0,14;0,0314;;
158,00;0,02;3,72;1,38;0,14;0,0316;;
159,00;0,02;3,68;1,38;0,14;0,0318;;
160,00;0,02;3,72;1,38;0,14;0,032;;
161,00;0,02;3,68;1,37;0,14;0,0322;;
162,00;0,02;3,68;1,37;0,14;0,0324;;
163,00;0,02;3,72;1,38;0,14;0,0326;;
164,00;0,02;3,72;1,38;0,14;0,0328;;
165,00;0,02;3,68;1,37;0,14;0,033;;
166,00;0,02;3,68;1,37;0,14;0,0332;;
167,00;0,02;3,72;1,37;0,14;0,0334;;
168,00;0,02;3,72;1,37;0,14;0,0336;;
169,00;0,02;3,68;1,36;0,14;0,0338;;
170,00;0,02;3,72;1,37;0,14;0,034;;
171,00;0,02;3,68;1,36;0,14;0,0342;;
172,00;0,02;3,68;1,36;0,14;0,0344;;
173,00;0,02;3,72;1,36;0,14;0,0346;;
174,00;0,02;3,68;1,36;0,14;0,0348;;
175,00;0,02;3,72;1,35;0,15;0,035;;
176,00;0,02;3,68;1,35;0,14;0,0352;;
177,00;0,02;3,72;1,34;0,17;0,0354;;
178,00;0,02;3,72;1,34;0,17;0,0356;;
179,00;0,02;3,68;1,34;0,19;0,0358;;
180,00;0,02;3,68;1,34;0,19;0,036;;
181,00;0,02;3,72;1,33;0,21;0,0362;;
182,00;0,02;3,68;1,34;0,21;0,0364;;
183,00;0,02;3,72;1,33;0,22;0,0366;;
184,00;0,02;3,72;1,33;0,22;0,0368;;
185,00;0,02;3,68;1,32;0,23;0,037;;
186,00;0,02;3,72;1,32;0,23;0,0372;;
187,00;0,02;3,68;1,33;0,24;0,0374;;
188,00;0,02;3,68;1,32;0,24;0,0376;;
189,00;0,02;3,72;1,31;0,24;0,0378;;
190,00;0,02;3,68;1,32;0,24;0,038;;
191,00;0,02;3,72;1,30;0,24;0,0382;;
192,00;0,02;3,68;1,31;0,24;0,0384;;
193,00;0,02;3,72;1,29;0,24;0,0386;;
194,00;0,02;3,72;1,30;0,24;0,0388;;
195,00;0,02;3,64;1,29;0,23;0,039;;
196,00;0,02;3,68;1,29;0,23;0,0392;;
197,00;0,02;3,72;1,28;0,23;0,0394;;
198,00;0,02;3,68;1,29;0,23;0,0396;;
199,00;0,02;3,72;1,27;0,22;0,0398;;
200,00;0,02;3,68;1,28;0,23;0,04;;
201,00;0,02;3,72;1,27;0,22;0,0402;;
202,00;0,02;3,68;1,27;0,22;0,0404;;
203,00;0,02;3,72;1,26;0,21;0,0406;;
204,00;0,02;3,68;1,26;0,22;0,0408;;
205,00;0,02;3,72;1,25;0,21;0,041;;
206,00;0,02;3,72;1,26;0,21;0,0412;;
207,00;0,02;3,68;1,24;0,20;0,0414;;
208,00;0,02;3,72;1,25;0,21;0,0416;;
209,00;0,02;3,68;1,24;0,20;0,0418;;
210,00;0,02;3,72;1,24;0,20;0,042;;
211,00;0,02;3,68;1,23;0,21;0,0422;;
212,00;0,02;3,72;1,22;0,20;0,0424;;
213,00;0,02;3,64;1,23;0,20;0,0426;;
214,00;0,02;3,68;1,23;0,20;0,0428;;
215,00;0,02;3,72;1,22;0,20;0,043;;
216,00;0,02;3,72;1,22;0,20;0,0432;;
217,00;0,02;3,68;1,20;0,20;0,0434;;
218,00;0,02;3,72;1,21;0,20;0,0436;;
219,00;0,02;3,68;1,20;0,20;0,0438;;
220,00;0,02;3,68;1,20;0,20;0,044;;
221,00;0,02;3,72;1,19;0,20;0,0442;;
222,00;0,02;3,72;1,20;0,20;0,0444;;
223,00;0,02;3,68;1,18;0,20;0,0446;;
224,00;0,02;3,72;1,19;0,20;0,0448;;
225,00;0,02;3,68;1,18;0,20;0,045;;
226,00;0,02;3,68;1,18;0,20;0,0452;;
227,00;0,02;3,72;1,17;0,20;0,0454;;
228,00;0,02;3,68;1,18;0,20;0,0456;;
229,00;0,02;3,72;1,16;0,20;0,0458;;
230,00;0,02;3,72;1,17;0,20;0,046;;
231,00;0,02;3,68;1,16;0,21;0,0462;;
232,00;0,02;3,72;1,16;0,21;0,0464;;
233,00;0,02;3,68;1,15;0,20;0,0466;;
234,00;0,02;3,72;1,16;0,20;0,0468;;
235,00;0,02;3,68;1,14;0,21;0,047;;
236,00;0,02;3,72;1,14;0,20;0,0472;;
237,00;0,02;3,68;1,14;0,21;0,0474;;
238,00;0,02;3,68;1,14;0,21;0,0476;;
239,00;0,02;3,72;1,13;0,20;0,0478;;
240,00;0,02;3,72;1,14;0,21;0,048;;
241,00;0,02;3,68;1,12;0,20;0,0482;;
242,00;0,02;3,68;1,13;0,21;0,0484;;
243,00;0,02;3,72;1,12;0,20;0,0486;;
244,00;0,02;3,72;1,12;0,21;0,0488;;
245,00;0,02;3,68;1,11;0,20;0,049;;
246,00;0,02;3,72;1,12;0,20;0,0492;;
247,00;0,02;3,68;1,10;0,21;0,0494;;
248,00;0,02;3,68;1,11;0,21;0,0496;;
249,00;0,02;3,72;1,10;0,20;0,0498;;
250,00;0,02;3,68;1,10;0,21;0,05;;
251,00;0,02;3,72;1,09;0,20;0,0502;;
252,00;0,02;3,72;1,10;0,21;0,0504;;
253,00;0,02;3,68;1,08;0,20;0,0506;;
254,00;0,02;3,72;1,09;0,21;0,0508;;
255,00;0,02;3,68;1,08;0,20;0,051;;
256,00;0,02;3,72;1,07;0,20;0,0512;;
257,00;0,02;3,68;1,08;0,21;0,0514;;
258,00;0,02;3,68;1,08;0,21;0,0516;;
259,00;0,02;3,72;1,07;0,20;0,0518;;
260,00;0,02;3,68;1,07;0,21;0,052;;
261,00;0,02;3,72;1,06;0,20;0,0522;;
262,00;0,02;3,68;1,06;0,21;0,0524;;
263,00;0,02;3,72;1,06;0,20;0,0526;;
264,00;0,02;3,68;1,06;0,21;0,0528;;
265,00;0,02;3,76;1,05;0,20;0,053;;
266,00;0,02;3,68;1,05;0,20;0,0532;;
267,00;0,02;3,80;1,04;0,21;0,0534;;
268,00;0,02;3,68;1,05;0,21;0,0536;;
269,00;0,02;3,80;1,04;0,20;0,0538;;
270,00;0,02;3,76;1,04;0,21;0,054;;
271,00;0,02;3,68;1,04;0,20;0,0542;;
272,00;0,02;3,72;1,04;0,20;0,0544;;
273,00;0,02;3,68;1,03;0,21;0,0546;;
274,00;0,02;3,68;1,03;0,20;0,0548;;
275,00;0,02;3,72;1,02;0,21;0,055;;
276,00;0,02;3,68;1,03;0,20;0,0552;;
277,00;0,02;3,72;1,02;0,21;0,0554;;
278,00;0,02;3,72;1,02;0,20;0,0556;;
279,00;0,02;3,68;1,02;0,21;0,0558;;
280,00;0,02;3,68;1,02;0,21;0,056;;
281,00;0,02;3,76;1,01;0,20;0,0562;;
282,00;0,02;3,68;1,02;0,21;0,0564;;
283,00;0,02;3,80;1,00;0,20;0,0566;;
284,00;0,02;3,72;1,01;0,20;0,0568;;
285,00;0,02;3,80;1,00;0,21;0,057;;
286,00;0,02;3,68;1,01;0,20;0,0572;;
287,00;0,02;3,80;1,00;0,21;0,0574;;
288,00;0,02;3,68;1,00;0,21;0,0576;;
289,00;0,02;3,76;1,00;0,20;0,0578;;
290,00;0,02;3,72;1,00;0,21;0,058;;
291,00;0,02;3,68;1,00;0,20;0,0582;;
292,00;0,02;3,72;1,00;0,20;0,0584;;
293,00;0,02;3,68;0,99;0,21;0,0586;;
294,00;0,02;3,68;1,00;0,21;0,0588;;
295,00;0,02;3,80;0,99;0,20;0,059;;
296,00;0,02;3,68;0,99;0,21;0,0592;;
297,00;0,02;3,80;0,98;0,20;0,0594;;
298,00;0,02;3,76;0,99;0,21;0,0596;;
299,00;0,02;3,76;0,98;0,20;0,0598;;
300,00;0,02;3,76;0,98;0,21;0,06;;
301,00;0,02;3,80;0,99;0,20;0,0602;;
302,00;0,02;3,76;0,98;0,21;0,0604;;
303,00;0,02;3,80;0,98;0,20;0,0606;;
304,00;0,02;3,76;0,98;0,21;0,0608;;
305,00;0,02;3,80;0,98;0,20;0,061;;
306,00;0,02;3,80;0,98;0,20;0,0612;;
307,00;0,02;3,72;0,97;0,21;0,0614;;
308,00;0,02;3,80;0,98;0,21;0,0616;;
309,00;0,02;3,68;0,97;0,20;0,0618;;
310,00;0,02;3,76;0,98;0,20;0,062;;
311,00;0,02;3,68;0,97;0,21;0,0622;;
312,00;0,02;3,76;0,97;0,21;0,0624;;
313,00;0,02;3,80;0,98;0,20;0,0626;;
314,00;0,02;3,76;0,97;0,21;0,0628;;
315,00;0,02;3,80;0,98;0,20;0,063;;
316,00;0,02;3,76;0,97;0,21;0,0632;;
317,00;0,02;3,80;0,96;0,20;0,0634;;
318,00;0,02;3,76;0,97;0,21;0,0636;;
319,00;0,02;3,76;0,96;0,20;0,0638;;
320,00;0,02;3,76;0,97;0,21;0,064;;
321,00;0,02;3,80;0,96;0,20;0,0642;;
322,00;0,02;3,76;0,96;0,21;0,0644;;
323,00;0,02;3,68;0,96;0,20;0,0646;;
324,00;0,02;3,68;0,96;0,21;0,0648;;
325,00;0,02;3,80;0,96;0,20;0,065;;
326,00;0,02;3,68;0,96;0,21;0,0652;;
327,00;0,02;3,80;0,96;0,20;0,0654;;
328,00;0,02;3,76;0,96;0,21;0,0656;;
329,00;0,02;3,80;0,96;0,20;0,0658;;
330,00;0,02;3,76;0,96;0,21;0,066;;
331,00;0,02;3,80;0,96;0,20;0,0662;;
332,00;0,02;3,76;0,96;0,20;0,0664;;
333,00;0,02;3,80;0,96;0,21;0,0666;;
334,00;0,02;3,76;0,96;0,21;0,0668;;
335,00;0,02;3,80;0,96;0,20;0,067;;
336,00;0,02;3,76;0,96;0,21;0,0672;;
337,00;0,02;3,80;0,96;0,20;0,0674;;
338,00;0,02;3,80;0,96;0,20;0,0676;;
339,00;0,02;3,68;0,96;0,21;0,0678;;
340,00;0,02;3,68;0,96;0,20;0,068;;
341,00;0,02;3,80;0,96;0,21;0,0682;;
342,00;0,02;3,80;0,96;0,20;0,0684;;
343,00;0,02;3,68;0,95;0,21;0,0686;;
344,00;0,02;3,68;0,96;0,21;0,0688;;
345,00;0,02;3,80;0,96;0,20;0,069;;
346,00;0,02;3,80;0,96;0,21;0,0692;;
347,00;0,02;3,68;0,96;0,20;0,0694;;
348,00;0,02;3,76;0,96;0,21;0,0696;;
349,00;0,02;3,80;0,96;0,20;0,0698;;
350,00;0,02;3,76;0,96;0,20;0,07;;
351,00;0,02;3,68;0,96;0,21;0,0702;;
352,00;0,02;3,76;0,96;0,20;0,0704;;
353,00;0,02;3,68;0,96;0,21;0,0706;;
354,00;0,02;3,72;0,96;0,20;0,0708;;
355,00;0,02;3,68;0,96;0,21;0,071;;
356,00;0,02;3,68;0,96;0,21;0,0712;;
357,00;0,02;3,72;0,96;0,20;0,0714;;
358,00;0,02;3,72;0,96;0,21;0,0716;;
359,00;0,02;3,68;0,96;0,20;0,0718;;
360,00;0,02;3,72;0,96;0,21;0,072;;
361,00;0,02;3,68;0,96;0,20;0,0722;;
362,00;0,02;3,68;0,96;0,21;0,0724;;
363,00;0,02;3,80;0,97;0,20;0,0726;;
364,00;0,02;3,68;0,96;0,21;0,0728;;
365,00;0,02;3,80;0,97;0,20;0,073;;
366,00;0,02;3,80;0,96;0,21;0,0732;;
367,00;0,02;3,68;0,97;0,20;0,0734;;
368,00;0,02;3,68;0,96;0,20;0,0736;;
369,00;0,02;3,76;0,97;0,21;0,0738;;
370,00;0,02;3,72;0,97;0,21;0,074;;
371,00;0,02;3,68;0,98;0,20;0,0742;;
372,00;0,02;3,68;0,98;0,21;0,0744;;
373,00;0,02;3,72;0,97;0,20;0,0746;;
374,00;0,02;3,72;0,97;0,21;0,0748;;
375,00;0,02;3,68;0,98;0,20;0,075;;
376,00;0,02;3,72;0,97;0,20;0,0752;;
377,00;0,02;3,68;0,98;0,21;0,0754;;
378,00;0,02;3,68;0,98;0,20;0,0756;;
379,00;0,02;3,72;0,97;0,21;0,0758;;
380,00;0,02;3,68;0,98;0,21;0,076;;
381,00;0,02;3,72;0,98;0,20;0,0762;;
382,00;0,02;3,68;0,98;0,21;0,0764;;
383,00;0,02;3,72;0,99;0,20;0,0766;;
384,00;0,02;3,72;0,98;0,21;0,0768;;
385,00;0,02;3,64;1,00;0,20;0,077;;
386,00;0,02;3,72;0,98;0,20;0,0772;;
387,00;0,02;3,60;1,00;0,21;0,0774;;
388,00;0,02;3,72;0,99;0,20;0,0776;;
389,00;0,02;3,60;1,00;0,21;0,0778;;
390,00;0,02;3,64;1,00;0,20;0,078;;
391,00;0,02;3,60;1,00;0,21;0,0782;;
392,00;0,02;3,64;1,00;0,20;0,0784;;
393,00;0,02;3,72;1,01;0,21;0,0786;;
394,00;0,02;3,64;1,00;0,20;0,0788;;
395,00;0,02;3,68;1,01;0,21;0,079;;
396,00;0,02;3,64;1,01;0,21;0,0792;;
397,00;0,02;3,72;1,02;0,20;0,0794;;
398,00;0,02;3,72;1,01;0,21;0,0796;;
399,00;0,02;3,64;1,02;0,20;0,0798;;
400,00;0,02;3,64;1,02;0,20;0,08;;
401,00;0,02;3,72;1,03;0,21;0,0802;;
402,00;0,02;3,64;1,02;0,20;0,0804;;
403,00;0,02;3,64;1,03;0,21;0,0806;;
404,00;0,02;3,64;1,03;0,20;0,0808;;
405,00;0,02;3,64;1,04;0,21;0,081;;
406,00;0,02;3,64;1,04;0,21;0,0812;;
407,00;0,02;3,64;1,04;0,20;0,0814;;
408,00;0,02;3,64;1,04;0,21;0,0816;;
409,00;0,02;3,64;1,05;0,20;0,0818;;
410,00;0,02;3,64;1,05;0,21;0,082;;
411,00;0,02;3,60;1,06;0,20;0,0822;;
412,00;0,02;3,64;1,06;0,20;0,0824;;
413,00;0,02;3,60;1,06;0,21;0,0826;;
414,00;0,02;3,64;1,06;0,21;0,0828;;
415,00;0,02;3,60;1,07;0,20;0,083;;
416,00;0,02;3,64;1,06;0,20;0,0832;;
417,00;0,02;3,64;1,08;0,21;0,0834;;
418,00;0,02;3,64;1,07;0,20;0,0836;;
419,00;0,02;3,64;1,09;0,21;0,0838;;
420,00;0,02;3,64;1,08;0,21;0,084;;
421,00;0,02;3,64;1,09;0,20;0,0842;;
422,00;0,02;3,64;1,09;0,20;0,0844;;
423,00;0,02;3,56;1,10;0,21;0,0846;;
424,00;0,02;3,56;1,10;0,20;0,0848;;
425,00;0,02;3,64;1,11;0,21;0,085;;
426,00;0,02;3,56;1,10;0,20;0,0852;;
427,00;0,02;3,64;1,12;0,21;0,0854;;
428,00;0,02;3,64;1,11;0,20;0,0856;;
429,00;0,02;3,60;1,12;0,21;0,0858;;
430,00;0,02;3,64;1,12;0,20;0,086;;
431,00;0,02;3,64;1,13;0,21;0,0862;;
432,00;0,02;3,64;1,13;0,21;0,0864;;
433,00;0,02;3,60;1,14;0,20;0,0866;;
434,00;0,02;3,64;1,13;0,20;0,0868;;
435,00;0,02;3,60;1,14;0,21;0,087;;
436,00;0,02;3,64;1,14;0,20;0,0872;;
437,00;0,02;3,64;1,16;0,21;0,0874;;
438,00;0,02;3,64;1,15;0,21;0,0876;;
439,00;0,02;3,56;1,16;0,20;0,0878;;
440,00;0,02;3,56;1,16;0,20;0,088;;
441,00;0,02;3,64;1,17;0,21;0,0882;;
442,00;0,02;3,56;1,17;0,20;0,0884;;
443,00;0,02;3,64;1,18;0,21;0,0886;;
444,00;0,02;3,56;1,18;0,21;0,0888;;
445,00;0,02;3,64;1,19;0,20;0,089;;
446,00;0,02;3,56;1,18;0,21;0,0892;;
447,00;0,02;3,64;1,20;0,20;0,0894;;
448,00;0,02;3,64;1,19;0,21;0,0896;;
449,00;0,02;3,56;1,20;0,20;0,0898;;
450,00;0,02;3,64;1,20;0,20;0,09;;
451,00;0,02;3,64;1,21;0,21;0,0902;;
452,00;0,02;3,64;1,21;0,21;0,0904;;
453,00;0,02;3,56;1,22;0,20;0,0906;;
454,00;0,02;3,64;1,22;0,21;0,0908;;
455,00;0,02;3,56;1,23;0,20;0,091;;
456,00;0,02;3,60;1,22;0,20;0,0912;;
457,00;0,02;3,56;1,23;0,21;0,0914;;
458,00;0,02;3,56;1,23;0,21;0,0916;;
459,00;0,02;3,60;1,24;0,20;0,0918;;
460,00;0,02;3,56;1,24;0,20;0,092;;
461,00;0,02;3,64;1,25;0,21;0,0922;;
462,00;0,02;3,64;1,24;0,21;0,0924;;
463,00;0,02;3,56;1,26;0,20;0,0926;;
464,00;0,02;3,64;1,25;0,20;0,0928;;
465,00;0,02;3,64;1,26;0,21;0,093;;
466,00;0,02;3,64;1,26;0,21;0,0932;;
467,00;0,02;3,64;1,28;0,20;0,0934;;
468,00;0,02;3,64;1,27;0,20;0,0936;;
469,00;0,02;3,64;1,28;0,21;0,0938;;
470,00;0,02;3,64;1,27;0,21;0,094;;
471,00;0,02;3,64;1,29;0,20;0,0942;;
472,00;0,02;3,64;1,28;0,21;0,0944;;
473,00;0,02;3,60;1,29;0,20;0,0946;;
474,00;0,02;3,64;1,28;0,20;0,0948;;
475,00;0,02;3,60;1,30;0,21;0,095;;
476,00;0,02;3,56;1,29;0,21;0,0952;;
477,00;0,02;3,64;1,31;0,20;0,0954;;
478,00;0,02;3,64;1,30;0,20;0,0956;;
479,00;0,02;3,60;1,31;0,21;0,0958;;
480,00;0,02;3,64;1,31;0,21;0,096;;
481,00;0,02;3,64;1,32;0,20;0,0962;;
482,00;0,02;3,64;1,32;0,20;0,0964;;
483,00;0,02;3,64;1,31;0,21;0,0966;;
484,00;0,02;3,64;1,32;0,21;0,0968;;
485,00;0,02;3,64;1,33;0,22;0,097;;
486,00;0,02;3,64;1,33;0,22;0,0972;;
487,00;0,02;3,64;1,34;0,43;0,0974;;
488,00;0,02;3,64;1,33;0,43;0,0976;;
489,00;0,02;3,64;1,34;0,65;0,0978;;
490,00;0,02;3,64;1,34;0,65;0,098;;
491,00;0,02;3,64;1,34;0,65;0,0982;;
492,00;0,02;3,64;1,34;0,65;0,0984;;
493,00;0,02;3,64;1,34;0,65;0,0986;;
494,00;0,02;3,64;1,34;0,65;0,0988;;
495,00;0,02;3,64;1,36;0,65;0,099;;
496,00;0,02;3,64;1,35;0,65;0,0992;;
497,00;0,02;3,60;1,36;0,65;0,0994;;
498,00;0,02;3,64;1,36;0,65;0,0996;;
499,00;0,02;3,72;1,35;0,65;0,0998;;
500,00;0,02;3,72;1,36;0,65;0,1;;
501,00;0,02;3,64;1,36;0,65;0,1002;;
502,00;0,02;3,64;1,36;0,65;0,1004;;
503,00;0,02;3,72;1,37;0,65;0,1006;;
504,00;0,02;3,64;1,36;0,65;0,1008;;
505,00;0,02;3,64;1,38;0,65;0,101;;
506,00;0,02;3,64;1,37;0,65;0,1012;;
507,00;0,02;3,64;1,38;0,65;0,1014;;
508,00;0,02;3,64;1,37;0,65;0,1016;;
509,00;0,02;3,64;1,38;0,65;0,1018;;
510,00;0,02;3,64;1,37;0,65;0,102;;
511,00;0,02;3,72;1,38;0,65;0,1022;;
512,00;0,02;3,64;1,38;0,65;0,1024;;
513,00;0,02;3,72;1,37;0,65;0,1026;;
514,00;0,02;3,64;1,38;0,65;0,1028;;
515,00;0,02;3,72;1,38;0,65;0,103;;
516,00;0,02;3,68;1,38;0,65;0,1032;;
517,00;0,02;3,72;1,38;0,65;0,1034;;
518,00;0,02;3,72;1,38;0,65;0,1036;;
519,00;0,02;3,60;1,38;0,64;0,1038;;
520,00;0,02;3,72;1,38;0,64;0,104;;
521,00;0,02;3,60;1,39;0,50;0,1042;;
522,00;0,02;3,64;1,39;0,50;0,1044;;
523,00;0,02;3,60;1,38;0,37;0,1046;;
524,00;0,02;3,64;1,38;0,37;0,1048;;
525,00;0,02;3,60;1,38;0,26;0,105;;
526,00;0,02;3,64;1,38;0,26;0,1052;;
527,00;0,02;3,72;1,38;0,17;0,1054;;
528,00;0,02;3,72;1,38;0,17;0,1056;;
529,00;0,02;3,64;1,38;0,14;0,1058;;
530,00;0,02;3,68;1,38;0,14;0,106;;
531,00;0,02;3,72;1,38;0,14;0,1062;;
532,00;0,02;3,72;1,38;0,14;0,1064;;
533,00;0,02;3,68;1,37;0,14;0,1066;;
534,00;0,02;3,72;1,37;0,14;0,1068;;
535,00;0,02;3,68;1,38;0,14;0,107;;
536,00;0,02;3,72;1,38;0,14;0,1072;;
537,00;0,02;3,68;1,37;0,14;0,1074;;
538,00;0,02;3,72;1,37;0,14;0,1076;;
539,00;0,02;3,64;1,38;0,14;0,1078;;
540,00;0,02;3,72;1,38;0,14;0,108;;
541,00;0,02;3,64;1,36;0,14;0,1082;;
542,00;0,02;3,60;1,36;0,14;0,1084;;
543,00;0,02;3,72;1,36;0,14;0,1086;;
544,00;0,02;3,64;1,36;0,14;0,1088;;
545,00;0,02;3,72;1,35;0,14;0,109;;
546,00;0,02;3,68;1,36;0,14;0,1092;;
547,00;0,02;3,72;1,35;0,15;0,1094;;
548,00;0,02;3,72;1,36;0,14;0,1096;;
549,00;0,02;3,68;1,34;0,17;0,1098;;
550,00;0,02;3,72;1,35;0,17;0,11;;
551,00;0,02;3,68;1,34;0,19;0,1102;;
552,00;0,02;3,72;1,34;0,19;0,1104;;
553,00;0,02;3,64;1,33;0,21;0,1106;;
554,00;0,02;3,64;1,34;0,21;0,1108;;
555,00;0,02;3,72;1,33;0,22;0,111;;
556,00;0,02;3,64;1,33;0,22;0,1112;;
557,00;0,02;3,72;1,32;0,23;0,1114;;
558,00;0,02;3,64;1,33;0,23;0,1116;;
559,00;0,02;3,72;1,32;0,24;0,1118;;
560,00;0,02;3,72;1,32;0,24;0,112;;
561,00;0,02;3,64;1,31;0,24;0,1122;;
562,00;0,02;3,72;1,32;0,24;0,1124;;
563,00;0,02;3,68;1,30;0,24;0,1126;;
564,00;0,02;3,68;1,31;0,24;0,1128;;
565,00;0,02;3,72;1,30;0,24;0,113;;
566,00;0,02;3,68;1,30;0,24;0,1132;;
567,00;0,02;3,72;1,29;0,23;0,1134;;
568,00;0,02;3,72;1,29;0,24;0,1136;;
569,00;0,02;3,64;1,28;0,23;0,1138;;
570,00;0,02;3,72;1,29;0,23;0,114;;
571,00;0,02;3,64;1,28;0,22;0,1142;;
572,00;0,02;3,72;1,28;0,23;0,1144;;
573,00;0,02;3,64;1,26;0,22;0,1146;;
574,00;0,02;3,64;1,27;0,22;0,1148;;
575,00;0,02;3,72;1,26;0,21;0,115;;
576,00;0,02;3,64;1,26;0,22;0,1152;;
577,00;0,02;3,72;1,25;0,21;0,1154;;
578,00;0,02;3,72;1,26;0,21;0,1156;;
579,00;0,02;3,64;1,24;0,20;0,1158;;
580,00;0,02;3,72;1,25;0,21;0,116;;
581,00;0,02;3,64;1,24;0,20;0,1162;;
582,00;0,02;3,72;1,24;0,21;0,1164;;
583,00;0,02;3,64;1,23;0,20;0,1166;;
584,00;0,02;3,72;1,24;0,20;0,1168;;
585,00;0,02;3,64;1,22;0,20;0,117;;
586,00;0,02;3,72;1,23;0,20;0,1172;;
587,00;0,02;3,60;1,22;0,20;0,1174;;
588,00;0,02;3,60;1,22;0,20;0,1176;;
589,00;0,02;3,72;1,21;0,20;0,1178;;
590,00;0,02;3,64;1,21;0,20;0,118;;
591,00;0,02;3,64;1,20;0,20;0,1182;;
592,00;0,02;3,64;1,20;0,20;0,1184;;
593,00;0,02;3,72;1,19;0,20;0,1186;;
594,00;0,02;3,72;1,20;0,20;0,1188;;
595,00;0,02;3,64;1,18;0,20;0,119;;
596,00;0,02;3,68;1,19;0,20;0,1192;;
597,00;0,02;3,72;1,18;0,20;0,1194;;
598,00;0,02;3,68;1,18;0,20;0,1196;;
599,00;0,02;3,72;1,17;0,20;0,1198;;
600,00;0,02;3,72;1,18;0,20;0,12;;
601,00;0,02;3,68;1,16;0,21;0,1202;;
602,00;0,02;3,72;1,17;0,20;0,1204;;
603,00;0,02;3,68;1,16;0,21;0,1206;;
604,00;0,02;3,72;1,16;0,21;0,1208;;
605,00;0,02;3,64;1,15;0,20;0,121;;
606,00;0,02;3,72;1,16;0,20;0,1212;;
607,00;0,02;3,60;1,14;0,21;0,1214;;
608,00;0,02;3,64;1,14;0,20;0,1216;;
609,00;0,02;3,72;1,13;0,21;0,1218;;
610,00;0,02;3,64;1,14;0,20;0,122;;
611,00;0,02;3,72;1,13;0,21;0,1222;;
612,00;0,02;3,72;1,13;0,21;0,1224;;
613,00;0,02;3,68;1,12;0,20;0,1226;;
614,00;0,02;3,72;1,12;0,21;0,1228;;
615,00;0,02;3,68;1,11;0,20;0,123;;
616,00;0,02;3,68;1,12;0,21;0,1232;;
617,00;0,02;3,72;1,11;0,20;0,1234;;
618,00;0,02;3,68;1,11;0,20;0,1236;;
619,00;0,02;3,72;1,10;0,21;0,1238;;
620,00;0,02;3,72;1,11;0,21;0,124;;
621,00;0,02;3,64;1,09;0,20;0,1242;;
622,00;0,02;3,64;1,10;0,20;0,1244;;
623,00;0,02;3,72;1,09;0,21;0,1246;;
624,00;0,02;3,72;1,09;0,21;0,1248;;
625,00;0,02;3,64;1,08;0,20;0,125;;
626,00;0,02;3,72;1,09;0,21;0,1252;;
627,00;0,02;3,68;1,08;0,20;0,1254;;
628,00;0,02;3,68;1,08;0,21;0,1256;;
629,00;0,02;3,72;1,07;0,20;0,1258;;
630,00;0,02;3,68;1,08;0,20;0,126;;
631,00;0,02;3,72;1,07;0,21;0,1262;;
632,00;0,02;3,68;1,07;0,21;0,1264;;
633,00;0,02;3,72;1,06;0,20;0,1266;;
634,00;0,02;3,72;1,07;0,21;0,1268;;
635,00;0,02;3,68;1,05;0,20;0,127;;
636,00;0,02;3,72;1,06;0,21;0,1272;;
637,00;0,02;3,68;1,05;0,20;0,1274;;
638,00;0,02;3,72;1,05;0,21;0,1276;;
639,00;0,02;3,68;1,04;0,20;0,1278;;
640,00;0,02;3,72;1,05;0,20;0,128;;
641,00;0,02;3,68;1,04;0,21;0,1282;;
642,00;0,02;3,68;1,04;0,21;0,1284;;
643,00;0,02;3,72;1,03;0,20;0,1286;;
644,00;0,02;3,72;1,04;0,20;0,1288;;
645,00;0,02;3,68;1,02;0,21;0,129;;
646,00;0,02;3,68;1,03;0,20;0,1292;;
647,00;0,02;3,76;1,02;0,21;0,1294;;
648,00;0,02;3,72;1,03;0,21;0,1296;;
649,00;0,02;3,68;1,02;0,20;0,1298;;
650,00;0,02;3,72;1,02;0,21;0,13;;
651,00;0,02;3,68;1,02;0,20;0,1302;;
652,00;0,02;3,68;1,02;0,20;0,1304;;
653,00;0,02;3,72;1,01;0,21;0,1306;;
654,00;0,02;3,68;1,02;0,20;0,1308;;
655,00;0,02;3,72;1,01;0,21;0,131;;
656,00;0,02;3,68;1,02;0,21;0,1312;;
657,00;0,02;3,72;1,00;0,20;0,1314;;
658,00;0,02;3,68;1,01;0,21;0,1316;;
659,00;0,02;3,76;1,00;0,20;0,1318;;
660,00;0,02;3,68;1,00;0,20;0,132;;
661,00;0,02;3,80;1,00;0,21;0,1322;;
662,00;0,02;3,76;1,00;0,20;0,1324;;
663,00;0,02;3,80;0,99;0,21;0,1326;;
664,00;0,02;3,76;0,99;0,20;0,1328;;
665,00;0,02;3,80;1,00;0,21;0,133;;
666,00;0,02;3,76;1,00;0,21;0,1332;;
667,00;0,02;3,80;0,99;0,20;0,1334;;
668,00;0,02;3,80;0,99;0,21;0,1336;;
669,00;0,02;3,68;0,98;0,20;0,1338;;
670,00;0,02;3,68;0,99;0,21;0,134;;
671,00;0,02;3,80;0,98;0,20;0,1342;;
672,00;0,02;3,80;0,98;0,21;0,1344;;
673,00;0,02;3,68;0,98;0,20;0,1346;;
674,00;0,02;3,68;0,98;0,21;0,1348;;
675,00;0,02;3,80;0,98;0,20;0,135;;
676,00;0,02;3,76;0,98;0,20;0,1352;;
677,00;0,02;3,80;0,97;0,21;0,1354;;
678,00;0,02;3,76;0,98;0,21;0,1356;;
679,00;0,02;3,80;0,97;0,20;0,1358;;
680,00;0,02;3,76;0,98;0,20;0,136;;
681,00;0,02;3,80;0,97;0,21;0,1362;;
682,00;0,02;3,76;0,97;0,20;0,1364;;
683,00;0,02;3,80;0,98;0,21;0,1366;;
684,00;0,02;3,76;0,97;0,20;0,1368;;
685,00;0,02;3,80;0,98;0,21;0,137;;
686,00;0,02;3,80;0,97;0,21;0,1372;;
687,00;0,02;3,68;0,96;0,20;0,1374;;
688,00;0,02;3,76;0,96;0,20;0,1376;;
689,00;0,02;3,80;0,97;0,21;0,1378;;
690,00;0,02;3,76;0,97;0,21;0,138;;
691,00;0,02;3,76;0,96;0,20;0,1382;;
692,00;0,02;3,80;0,96;0,21;0,1384;;
693,00;0,02;3,76;0,96;0,20;0,1386;;
694,00;0,02;3,76;0,96;0,21;0,1388;;
695,00;0,02;3,84;0,96;0,20;0,139;;
696,00;0,02;3,76;0,96;0,20;0,1392;;
697,00;0,02;3,80;0,96;0,21;0,1394;;
698,00;0,02;3,76;0,96;0,21;0,1396;;
699,00;0,02;3,80;0,96;0,20;0,1398;;
700,00;0,02;3,76;0,96;0,21;0,14;;
701,00;0,02;3,80;0,96;0,20;0,1402;;
702,00;0,02;3,76;0,96;0,21;0,1404;;
703,00;0,02;3,80;0,96;0,20;0,1406;;
704,00;0,02;3,80;0,96;0,21;0,1408;;
705,00;0,02;3,76;0,96;0,20;0,141;;
706,00;0,02;3,76;0,96;0,20;0,1412;;
707,00;0,02;3,80;0,96;0,21;0,1414;;
708,00;0,02;3,76;0,96;0,21;0,1416;;
709,00;0,02;3,80;0,95;0,20;0,1418;;
710,00;0,02;3,76;0,96;0,20;0,142;;
711,00;0,02;3,76;0,95;0,21;0,1422;;
712,00;0,02;3,76;0,96;0,21;0,1424;;
713,00;0,02;3,80;0,95;0,20;0,1426;;
714,00;0,02;3,76;0,96;0,21;0,1428;;
715,00;0,02;3,80;0,96;0,20;0,143;;
716,00;0,02;3,76;0,96;0,21;0,1432;;
717,00;0,02;3,80;0,96;0,20;0,1434;;
718,00;0,02;3,76;0,96;0,21;0,1436;;
719,00;0,02;3,80;0,95;0,20;0,1438;;
720,00;0,02;3,76;0,96;0,20;0,144;;
721,00;0,02;3,80;0,96;0,21;0,1442;;
722,00;0,02;3,76;0,96;0,20;0,1444;;
723,00;0,02;3,80;0,96;0,21;0,1446;;
724,00;0,02;3,76;0,96;0,21;0,1448;;
725,00;0,02;3,80;0,96;0,20;0,145;;
726,00;0,02;3,76;0,96;0,21;0,1452;;
727,00;0,02;3,80;0,96;0,20;0,1454;;
728,00;0,02;3,76;0,96;0,21;0,1456;;
729,00;0,02;3,80;0,96;0,20;0,1458;;
730,00;0,02;3,76;0,96;0,21;0,146;;
731,00;0,02;3,80;0,97;0,20;0,1462;;
732,00;0,02;3,76;0,96;0,21;0,1464;;
733,00;0,02;3,80;0,97;0,20;0,1466;;
734,00;0,02;3,76;0,97;0,20;0,1468;;
735,00;0,02;3,76;0,96;0,21;0,147;;
736,00;0,02;3,76;0,97;0,20;0,1472;;
737,00;0,02;3,80;0,96;0,21;0,1474;;
738,00;0,02;3,76;0,96;0,21;0,1476;;
739,00;0,02;3,80;0,98;0,20;0,1478;;
740,00;0,02;3,76;0,97;0,20;0,148;;
741,00;0,02;3,80;0,98;0,21;0,1482;;
742,00;0,02;3,76;0,97;0,21;0,1484;;
743,00;0,02;3,76;0,98;0,20;0,1486;;
744,00;0,02;3,76;0,97;0,20;0,1488;;
745,00;0,02;3,80;0,98;0,21;0,149;;
746,00;0,02;3,76;0,98;0,20;0,1492;;
747,00;0,02;3,80;0,98;0,21;0,1494;;
748,00;0,02;3,68;0,98;0,21;0,1496;;
749,00;0,02;3,80;0,98;0,20;0,1498;;
750,00;0,02;3,76;0,98;0,21;0,15;;
751,00;0,02;3,68;0,99;0,20;0,1502;;
752,00;0,02;3,68;0,98;0,20;0,1504;;
753,00;0,02;3,76;0,99;0,21;0,1506;;
754,00;0,02;3,68;0,98;0,21;0,1508;;
755,00;0,02;3,76;1,00;0,20;0,151;;
756,00;0,02;3,68;0,99;0,20;0,1512;;
757,00;0,02;3,80;1,00;0,21;0,1514;;
758,00;0,02;3,68;1,00;0,20;0,1516;;
759,00;0,02;3,80;1,00;0,21;0,1518;;
760,00;0,02;3,76;1,00;0,21;0,152;;
761,00;0,02;3,80;1,00;0,20;0,1522;;
762,00;0,02;3,76;1,01;0,21;0,1524;;
763,00;0,02;3,68;1,00;0,20;0,1526;;
764,00;0,02;3,76;1,00;0,20;0,1528;;
765,00;0,02;3,68;1,02;0,21;0,153;;
766,00;0,02;3,68;1,02;0,21;0,1532;;
767,00;0,02;3,72;1,01;0,20;0,1534;;
768,00;0,02;3,72;1,02;0,21;0,1536;;
769,00;0,02;3,68;1,03;0,20;0,1538;;
770,00;0,02;3,68;1,02;0,20;0,154;;
771,00;0,02;3,72;1,03;0,21;0,1542;;
772,00;0,02;3,72;1,02;0,20;0,1544;;
773,00;0,02;3,68;1,04;0,21;0,1546;;
774,00;0,02;3,72;1,03;0,21;0,1548;;
775,00;0,02;3,68;1,04;0,20;0,155;;
776,00;0,02;3,72;1,04;0,21;0,1552;;
777,00;0,02;3,68;1,05;0,20;0,1554;;
778,00;0,02;3,72;1,04;0,21;0,1556;;
779,00;0,02;3,68;1,06;0,20;0,1558;;
780,00;0,02;3,72;1,05;0,21;0,156;;
781,00;0,02;3,68;1,06;0,20;0,1562;;
782,00;0,02;3,68;1,06;0,20;0,1564;;
783,00;0,02;3,72;1,07;0,21;0,1566;;
784,00;0,02;3,68;1,06;0,21;0,1568;;
785,00;0,02;3,72;1,08;0,20;0,157;;
786,00;0,02;3,68;1,07;0,20;0,1572;;
787,00;0,02;3,72;1,08;0,21;0,1574;;
788,00;0,02;3,68;1,08;0,21;0,1576;;
789,00;0,02;3,72;1,09;0,20;0,1578;;
790,00;0,02;3,68;1,08;0,20;0,158;;
791,00;0,02;3,72;1,10;0,21;0,1582;;
792,00;0,02;3,68;1,09;0,20;0,1584;;
793,00;0,02;3,72;1,11;0,21;0,1586;;
794,00;0,02;3,68;1,10;0,20;0,1588;;
795,00;0,02;3,72;1,12;0,21;0,159;;
796,00;0,02;3,68;1,11;0,20;0,1592;;
797,00;0,02;3,72;1,12;0,21;0,1594;;
798,00;0,02;3,68;1,12;0,20;0,1596;;
799,00;0,02;3,72;1,13;0,21;0,1598;;
800,00;0,02;3,72;1,12;0,20;0,16;;
801,00;0,02;3,68;1,14;0,21;0,1602;;
802,00;0,02;3,72;1,13;0,21;0,1604;;
803,00;0,02;3,68;1,14;0,20;0,1606;;
804,00;0,02;3,72;1,14;0,21;0,1608;;
805,00;0,02;3,68;1,15;0,20;0,161;;
806,00;0,02;3,72;1,15;0,20;0,1612;;
807,00;0,02;3,68;1,16;0,21;0,1614;;
808,00;0,02;3,72;1,16;0,20;0,1616;;
809,00;0,02;3,68;1,17;0,21;0,1618;;
810,00;0,02;3,68;1,17;0,21;0,162;;
811,00;0,02;3,72;1,18;0,20;0,1622;;
812,00;0,02;3,68;1,18;0,21;0,1624;;
813,00;0,02;3,72;1,18;0,20;0,1626;;
814,00;0,02;3,72;1,18;0,21;0,1628;;
815,00;0,02;3,68;1,20;0,20;0,163;;
816,00;0,02;3,72;1,19;0,21;0,1632;;
817,00;0,02;3,68;1,20;0,20;0,1634;;
818,00;0,02;3,72;1,20;0,21;0,1636;;
819,00;0,02;3,68;1,21;0,20;0,1638;;
820,00;0,02;3,68;1,21;0,20;0,164;;
821,00;0,02;3,72;1,22;0,21;0,1642;;
822,00;0,02;3,68;1,22;0,20;0,1644;;
823,00;0,02;3,72;1,22;0,21;0,1646;;
824,00;0,02;3,68;1,22;0,20;0,1648;;
825,00;0,02;3,72;1,23;0,21;0,165;;
826,00;0,02;3,72;1,23;0,21;0,1652;;
827,00;0,02;3,68;1,24;0,20;0,1654;;
828,00;0,02;3,68;1,24;0,20;0,1656;;
829,00;0,02;3,72;1,25;0,21;0,1658;;
830,00;0,02;3,72;1,24;0,21;0,166;;
831,00;0,02;3,68;1,26;0,20;0,1662;;
832,00;0,02;3,68;1,25;0,21;0,1664;;
833,00;0,02;3,72;1,26;0,20;0,1666;;
834,00;0,02;3,68;1,26;0,21;0,1668;;
835,00;0,02;3,72;1,27;0,20;0,167;;
836,00;0,02;3,72;1,27;0,21;0,1672;;
837,00;0,02;3,68;1,28;0,20;0,1674;;
838,00;0,02;3,72;1,27;0,21;0,1676;;
839,00;0,02;3,68;1,29;0,20;0,1678;;
840,00;0,02;3,68;1,28;0,21;0,168;;
841,00;0,02;3,76;1,29;0,20;0,1682;;
842,00;0,02;3,68;1,28;0,21;0,1684;;
843,00;0,02;3,76;1,30;0,20;0,1686;;
844,00;0,02;3,68;1,29;0,21;0,1688;;
845,00;0,02;3,76;1,31;0,20;0,169;;
846,00;0,02;3,72;1,30;0,21;0,1692;;
847,00;0,02;3,68;1,32;0,20;0,1694;;
848,00;0,02;3,68;1,31;0,21;0,1696;;
849,00;0,02;3,72;1,32;0,20;0,1698;;
850,00;0,02;3,72;1,31;0,20;0,17;;
851,00;0,02;3,68;1,32;0,21;0,1702;;
852,00;0,02;3,68;1,32;0,20;0,1704;;
853,00;0,02;3,76;1,33;0,22;0,1706;;
854,00;0,02;3,68;1,32;0,21;0,1708;;
855,00;0,02;3,80;1,34;0,34;0,171;;
856,00;0,02;3,76;1,33;0,34;0,1712;;
857,00;0,02;3,80;1,34;0,65;0,1714;;
858,00;0,02;3,76;1,34;0,65;0,1716;;
859,00;0,02;3,80;1,34;0,65;0,1718;;
860,00;0,02;3,76;1,34;0,65;0,172;;
861,00;0,02;3,80;1,35;0,65;0,1722;;
862,00;0,02;3,76;1,35;0,65;0,1724;;
863,00;0,02;3,80;1,35;0,65;0,1726;;
864,00;0,02;3,76;1,35;0,65;0,1728;;
865,00;0,02;3,68;1,36;0,65;0,173;;
866,00;0,02;3,68;1,36;0,65;0,1732;;
867,00;0,02;3,80;1,35;0,65;0,1734;;
868,00;0,02;3,68;1,36;0,65;0,1736;;
869,00;0,02;3,80;1,36;0,65;0,1738;;
870,00;0,02;3,76;1,36;0,65;0,174;;
871,00;0,02;3,80;1,36;0,65;0,1742;;
872,00;0,02;3,76;1,36;0,65;0,1744;;
873,00;0,02;3,76;1,37;0,65;0,1746;;
874,00;0,02;3,76;1,37;0,65;0,1748;;
875,00;0,02;3,80;1,38;0,65;0,175;;
876,00;0,02;3,76;1,37;0,65;0,1752;;
877,00;0,02;3,80;1,38;0,65;0,1754;;
878,00;0,02;3,76;1,37;0,65;0,1756;;
879,00;0,02;3,80;1,38;0,65;0,1758;;
880,00;0,02;3,76;1,37;0,65;0,176;;
881,00;0,02;3,80;1,38;0,65;0,1762;;
882,00;0,02;3,76;1,38;0,65;0,1764;;
883,00;0,02;3,80;1,38;0,65;0,1766;;
884,00;0,02;3,76;1,38;0,65;0,1768;;
885,00;0,02;3,80;1,38;0,65;0,177;;
886,00;0,02;3,76;1,38;0,65;0,1772;;
887,00;0,02;3,80;1,38;0,63;0,1774;;
888,00;0,02;3,76;1,38;0,63;0,1776;;
889,00;0,02;3,76;1,39;0,49;0,1778;;
890,00;0,02;3,76;1,39;0,49;0,178;;
891,00;0,02;3,80;1,38;0,37;0,1782;;
892,00;0,02;3,76;1,38;0,36;0,1784;;
893,00;0,02;3,80;1,37;0,26;0,1786;;
894,00;0,02;3,76;1,38;0,26;0,1788;;
895,00;0,02;3,80;1,38;0,17;0,179;;
896,00;0,02;3,76;1,38;0,17;0,1792;;
897,00;0,02;3,76;1,38;0,14;0,1794;;
898,00;0,02;3,76;1,38;0,14;0,1796;;
899,00;0,02;3,80;1,38;0,14;0,1798;;
900,00;0,02;3,76;1,38;0,14;0,18;;
901,00;0,02;3,80;1,37;0,14;0,1802;;
902,00;0,02;3,76;1,37;0,14;0,1804;;
903,00;0,02;3,80;1,38;0,14;0,1806;;
904,00;0,02;3,76;1,38;0,14;0,1808;;
905,00;0,02;3,80;1,36;0,14;0,181;;
906,00;0,02;3,76;1,37;0,14;0,1812;;
907,00;0,02;3,80;1,36;0,14;0,1814;;
908,00;0,02;3,76;1,37;0,14;0,1816;;
909,00;0,02;3,80;1,36;0,14;0,1818;;
910,00;0,02;3,76;1,36;0,14;0,182;;
911,00;0,02;3,80;1,36;0,14;0,1822;;
912,00;0,02;3,76;1,36;0,14;0,1824;;
913,00;0,02;3,80;1,35;0,14;0,1826;;
914,00;0,02;3,76;1,36;0,14;0,1828;;
915,00;0,02;3,80;1,35;0,15;0,183;;
916,00;0,02;3,76;1,35;0,15;0,1832;;
917,00;0,02;3,80;1,34;0,17;0,1834;;
918,00;0,02;3,76;1,34;0,17;0,1836;;
919,00;0,02;3,80;1,34;0,19;0,1838;;
920,00;0,02;3,76;1,34;0,19;0,184;;
921,00;0,02;3,80;1,33;0,21;0,1842;;
922,00;0,02;3,76;1,34;0,21;0,1844;;
923,00;0,02;3,80;1,33;0,22;0,1846;;
924,00;0,02;3,76;1,33;0,22;0,1848;;
925,00;0,02;3,76;1,32;0,23;0,185;;
926,00;0,02;3,76;1,32;0,23;0,1852;;
927,00;0,02;3,80;1,31;0,24;0,1854;;
928,00;0,02;3,76;1,32;0,24;0,1856;;
929,00;0,02;3,80;1,31;0,24;0,1858;;
930,00;0,02;3,76;1,30;0,24;0,186;;
931,00;0,02;3,76;1,31;0,24;0,1862;;
932,00;0,02;3,76;1,30;0,24;0,1864;;
933,00;0,02;3,80;1,29;0,24;0,1866;;
934,00;0,02;3,76;1,30;0,24;0,1868;;
935,00;0,02;3,80;1,29;0,23;0,187;;
936,00;0,02;3,76;1,29;0,24;0,1872;;
937,00;0,02;3,80;1,28;0,23;0,1874;;
938,00;0,02;3,76;1,29;0,23;0,1876;;
939,00;0,02;3,80;1,27;0,22;0,1878;;
940,00;0,02;3,76;1,28;0,23;0,188;;
941,00;0,02;3,80;1,26;0,22;0,1882;;
942,00;0,02;3,76;1,27;0,22;0,1884;;
943,00;0,02;3,80;1,26;0,21;0,1886;;
944,00;0,02;3,76;1,26;0,22;0,1888;;
945,00;0,02;3,80;1,25;0,21;0,189;;
946,00;0,02;3,76;1,25;0,21;0,1892;;
947,00;0,02;3,80;1,24;0,20;0,1894;;
948,00;0,02;3,80;1,25;0,21;0,1896;;
949,00;0,02;3,68;1,24;0,20;0,1898;;
950,00;0,02;3,76;1,24;0,20;0,19;;
951,00;0,02;3,76;1,23;0,21;0,1902;;
952,00;0,02;3,76;1,23;0,20;0,1904;;
953,00;0,02;3,80;1,22;0,20;0,1906;;
954,00;0,02;3,76;1,22;0,20;0,1908;;
955,00;0,02;3,80;1,21;0,20;0,191;;
956,00;0,02;3,76;1,22;0,20;0,1912;;
957,00;0,02;3,80;1,20;0,20;0,1914;;
958,00;0,02;3,76;1,21;0,20;0,1916;;
959,00;0,02;3,80;1,20;0,20;0,1918;;
960,00;0,02;3,80;1,20;0,20;0,192;;
961,00;0,02;3,76;1,19;0,20;0,1922;;
962,00;0,02;3,68;1,19;0,20;0,1924;;
963,00;0,02;3,80;1,18;0,20;0,1926;;
964,00;0,02;3,80;1,18;0,20;0,1928;;
965,00;0,02;3,72;1,17;0,20;0,193;;
966,00;0,02;3,68;1,18;0,20;0,1932;;
967,00;0,02;3,80;1,17;0,20;0,1934;;
968,00;0,02;3,76;1,17;0,20;0,1936;;
969,00;0,02;3,80;1,16;0,20;0,1938;;
970,00;0,02;3,76;1,16;0,20;0,194;;
971,00;0,02;3,80;1,15;0,21;0,1942;;
972,00;0,02;3,76;1,16;0,20;0,1944;;
973,00;0,02;3,80;1,14;0,21;0,1946;;
974,00;0,02;3,76;1,15;0,20;0,1948;;
975,00;0,02;3,76;1,14;0,21;0,195;;
976,00;0,02;3,80;1,14;0,20;0,1952;;
977,00;0,02;3,68;1,13;0,21;0,1954;;
978,00;0,02;3,68;1,14;0,20;0,1956;;
979,00;0,02;3,80;1,12;0,21;0,1958;;
980,00;0,02;3,68;1,13;0,21;0,196;;
981,00;0,02;3,80;1,11;0,20;0,1962;;
982,00;0,02;3,76;1,12;0,20;0,1964;;
983,00;0,02;3,76;1,11;0,21;0,1966;;
984,00;0,02;3,76;1,11;0,20;0,1968;;
985,00;0,02;3,80;1,10;0,21;0,197;;
986,00;0,02;3,76;1,11;0,21;0,1972;;
987,00;0,02;3,80;1,09;0,20;0,1974;;
988,00;0,02;3,76;1,10;0,21;0,1976;;
989,00;0,02;3,80;1,09;0,20;0,1978;;
990,00;0,02;3,76;1,10;0,20;0,198;;
991,00;0,02;3,80;1,08;0,21;0,1982;;
992,00;0,02;3,76;1,09;0,21;0,1984;;
993,00;0,02;3,80;1,08;0,20;0,1986;;
994,00;0,02;3,76;1,08;0,20;0,1988;;
995,00;0,02;3,80;1,07;0,21;0,199;;
996,00;0,02;3,76;1,08;0,21;0,1992;;
997,00;0,02;3,80;1,07;0,20;0,1994;;
998,00;0,02;3,76;1,07;0,21;0,1996;;
999,00;0,02;3,80;1,06;0,20;0,1998;;
1000,00;0,02;3,76;1,06;0,21;0,2;;
1001,00;0,02;3,80;1,06;0,20;0,2002;;
1002,00;0,02;3,76;1,06;0,21;0,2004;;
1003,00;0,02;3,80;1,05;0,20;0,2006;;
1004,00;0,02;3,76;1,05;0,21;0,2008;;
1005,00;0,02;3,80;1,04;0,20;0,201;;
1006,00;0,02;3,76;1,05;0,21;0,2012;;
1007,00;0,02;3,76;1,04;0,20;0,2014;;
1008,00;0,02;3,76;1,04;0,21;0,2016;;
1009,00;0,02;3,80;1,03;0,20;0,2018;;
1010,00;0,02;3,76;1,04;0,20;0,202;;
1011,00;0,02;3,80;1,02;0,21;0,2022;;
1012,00;0,02;3,76;1,03;0,21;0,2024;;
1013,00;0,02;3,80;1,02;0,20;0,2026;;
1014,00;0,02;3,76;1,02;0,21;0,2028;;
1015,00;0,02;3,80;1,03;0,20;0,203;;
1016,00;0,02;3,76;1,02;0,21;0,2032;;
1017,00;0,02;3,84;1,02;0,20;0,2034;;
1018,00;0,02;3,76;1,02;0,21;0,2036;;
1019,00;0,02;3,84;1,01;0,20;0,2038;;
1020,00;0,02;3,76;1,02;0,21;0,204;;
1021,00;0,02;3,84;1,00;0,20;0,2042;;
1022,00;0,02;3,84;1,01;0,20;0,2044;;
1023,00;0,02;3,76;1,00;0,21;0,2046;;
1024,00;0,02;3,76;1,00;0,21;0,2048;;
1025,00;0,02;3,84;1,00;0,20;0,205;;
1026,00;0,02;3,80;1,00;0,21;0,2052;;
1027,00;0,02;3,76;1,00;0,20;0,2054;;
1028,00;0,02;3,76;1,00;0,20;0,2056;;
1029,00;0,02;3,80;0,99;0,21;0,2058;;
1030,00;0,02;3,76;1,00;0,21;0,206;;
1031,00;0,02;3,80;0,98;0,20;0,2062;;
1032,00;0,02;3,76;0,98;0,21;0,2064;;
1033,00;0,02;3,84;1,00;0,20;0,2066;;
1034,00;0,02;3,84;0,99;0,20;0,2068;;
1035,00;0,02;3,76;0,98;0,21;0,207;;
1036,00;0,02;3,84;0,98;0,21;0,2072;;
1037,00;0,02;3,76;0,99;0,20;0,2074;;
1038,00;0,02;3,84;0,98;0,21;0,2076;;
1039,00;0,02;3,76;0,98;0,20;0,2078;;
1040,00;0,02;3,76;0,98;0,21;0,208;;
1041,00;0,02;3,80;0,98;0,20;0,2082;;
1042,00;0,02;3,76;0,98;0,21;0,2084;;
1043,00;0,02;3,80;0,97;0,20;0,2086;;
1044,00;0,02;3,76;0,98;0,20;0,2088;;
1045,00;0,02;3,76;0,97;0,21;0,209;;
1046,00;0,02;3,76;0,98;0,21;0,2092;;
1047,00;0,02;3,84;0,97;0,20;0,2094;;
1048,00;0,02;3,76;0,98;0,21;0,2096;;
1049,00;0,02;3,84;0,97;0,20;0,2098;;
1050,00;0,02;3,84;0,97;0,21;0,21;;
1051,00;0,02;3,80;0,98;0,20;0,2102;;
1052,00;0,02;3,80;0,97;0,21;0,2104;;
1053,00;0,02;3,84;0,96;0,20;0,2106;;
1054,00;0,02;3,80;0,97;0,21;0,2108;;
1055,00;0,02;3,84;0,96;0,20;0,211;;
1056,00;0,02;3,84;0,97;0,21;0,2112;;
1057,00;0,02;3,76;0,96;0,20;0,2114;;
1058,00;0,02;3,84;0,96;0,21;0,2116;;
1059,00;0,02;3,76;0,96;0,20;0,2118;;
1060,00;0,02;3,76;0,96;0,21;0,212;;
1061,00;0,02;3,84;0,96;0,20;0,2122;;
1062,00;0,02;3,76;0,96;0,21;0,2124;;
1063,00;0,02;3,84;0,96;0,20;0,2126;;
1064,00;0,02;3,84;0,96;0,21;0,2128;;
1065,00;0,02;3,76;0,96;0,20;0,213;;
1066,00;0,02;3,80;0,96;0,21;0,2132;;
1067,00;0,02;3,84;0,96;0,20;0,2134;;
1068,00;0,02;3,84;0,96;0,21;0,2136;;
1069,00;0,02;3,80;0,96;0,20;0,2138;;
1070,00;0,02;3,84;0,96;0,20;0,214;;
1071,00;0,02;3,76;0,96;0,21;0,2142;;
1072,00;0,02;3,76;0,96;0,21;0,2144;;
1073,00;0,02;3,84;0,96;0,20;0,2146;;
1074,00;0,02;3,76;0,96;0,20;0,2148;;
1075,00;0,02;3,80;0,96;0,21;0,215;;
1076,00;0,02;3,76;0,96;0,20;0,2152;;
1077,00;0,02;3,84;0,96;0,21;0,2154;;
1078,00;0,02;3,76;0,96;0,21;0,2156;;
1079,00;0,02;3,84;0,96;0,20;0,2158;;
1080,00;0,02;3,84;0,96;0,20;0,216;;
1081,00;0,02;3,76;0,95;0,21;0,2162;;
1082,00;0,02;3,84;0,96;0,21;0,2164;;
1083,00;0,02;3,80;0,95;0,20;0,2166;;
1084,00;0,02;3,80;0,96;0,21;0,2168;;
1085,00;0,02;3,84;0,96;0,20;0,217;;
1086,00;0,02;3,84;0,96;0,20;0,2172;;
1087,00;0,02;3,76;0,96;0,21;0,2174;;
1088,00;0,02;3,76;0,96;0,20;0,2176;;
1089,00;0,02;3,84;0,96;0,21;0,2178;;
1090,00;0,02;3,76;0,96;0,20;0,218;;
1091,00;0,02;3,80;0,96;0,21;0,2182;;
1092,00;0,02;3,76;0,96;0,20;0,2184;;
1093,00;0,02;3,76;0,96;0,21;0,2186;;
1094,00;0,02;3,76;0,96;0,20;0,2188;;
1095,00;0,02;3,80;0,96;0,21;0,219;;
1096,00;0,02;3,76;0,96;0,21;0,2192;;
1097,00;0,02;3,84;0,97;0,20;0,2194;;
1098,00;0,02;3,84;0,96;0,20;0,2196;;
1099,00;0,02;3,76;0,97;0,21;0,2198;;
1100,00;0,02;3,76;0,96;0,20;0,22;;
1101,00;0,02;3,84;0,97;0,21;0,2202;;
1102,00;0,02;3,76;0,97;0,20;0,2204;;
1103,00;0,02;3,80;0,96;0,21;0,2206;;
1104,00;0,02;3,76;0,97;0,21;0,2208;;
1105,00;0,02;3,80;0,98;0,20;0,221;;
1106,00;0,02;3,76;0,97;0,20;0,2212;;
1107,00;0,02;3,80;0,98;0,21;0,2214;;
1108,00;0,02;3,76;0,97;0,21;0,2216;;
1109,00;0,02;3,80;0,98;0,20;0,2218;;
1110,00;0,02;3,76;0,98;0,20;0,222;;
1111,00;0,02;3,80;0,97;0,21;0,2222;;
1112,00;0,02;3,76;0,98;0,20;0,2224;;
1113,00;0,02;3,76;0,98;0,21;0,2226;;
1114,00;0,02;3,76;0,98;0,20;0,2228;;
1115,00;0,02;3,80;0,98;0,21;0,223;;
1116,00;0,02;3,76;0,98;0,21;0,2232;;
1117,00;0,02;3,80;0,99;0,20;0,2234;;
1118,00;0,02;3,76;0,98;0,21;0,2236;;
1119,00;0,02;3,80;0,99;0,20;0,2238;;
1120,00;0,02;3,76;0,99;0,21;0,224;;
1121,00;0,02;3,80;1,00;0,20;0,2242;;
1122,00;0,02;3,76;0,99;0,20;0,2244;;
1123,00;0,02;3,80;1,00;0,21;0,2246;;
1124,00;0,02;3,68;0,99;0,20;0,2248;;
1125,00;0,02;3,80;1,00;0,21;0,225;;
1126,00;0,02;3,68;1,00;0,21;0,2252;;
1127,00;0,02;3,80;1,00;0,20;0,2254;;
1128,00;0,02;3,80;1,00;0,21;0,2256;;
1129,00;0,02;3,68;1,01;0,20;0,2258;;
1130,00;0,02;3,76;1,00;0,20;0,226;;
1131,00;0,02;3,80;1,02;0,21;0,2262;;
1132,00;0,02;3,80;1,01;0,21;0,2264;;
1133,00;0,02;3,68;1,02;0,20;0,2266;;
1134,00;0,02;3,68;1,02;0,21;0,2268;;
1135,00;0,02;3,80;1,02;0,20;0,227;;
1136,00;0,02;3,68;1,02;0,20;0,2272;;
1137,00;0,02;3,76;1,03;0,21;0,2274;;
1138,00;0,02;3,68;1,03;0,20;0,2276;;
1139,00;0,02;3,72;1,04;0,21;0,2278;;
1140,00;0,02;3,72;1,04;0,21;0,228;;
1141,00;0,02;3,68;1,04;0,20;0,2282;;
1142,00;0,02;3,68;1,04;0,20;0,2284;;
1143,00;0,02;3,72;1,05;0,21;0,2286;;
1144,00;0,02;3,72;1,04;0,21;0,2288;;
1145,00;0,02;3,68;1,06;0,20;0,229;;
1146,00;0,02;3,68;1,06;0,20;0,2292;;
1147,00;0,02;3,80;1,06;0,21;0,2294;;
1148,00;0,02;3,68;1,06;0,21;0,2296;;
1149,00;0,02;3,80;1,07;0,20;0,2298;;
1150,00;0,02;3,68;1,06;0,20;0,23;;
1151,00;0,02;3,76;1,08;0,21;0,2302;;
1152,00;0,02;3,68;1,07;0,20;0,2304;;
1153,00;0,02;3,72;1,08;0,21;0,2306;;
1154,00;0,02;3,72;1,08;0,20;0,2308;;
1155,00;0,02;3,68;1,09;0,21;0,231;;
1156,00;0,02;3,68;1,09;0,21;0,2312;;
1157,00;0,02;3,72;1,10;0,20;0,2314;;
1158,00;0,02;3,68;1,09;0,20;0,2316;;
1159,00;0,02;3,72;1,11;0,21;0,2318;;
1160,00;0,02;3,72;1,10;0,20;0,232;;
1161,00;0,02;3,68;1,12;0,21;0,2322;;
1162,00;0,02;3,68;1,11;0,21;0,2324;;
1163,00;0,02;3,72;1,12;0,20;0,2326;;
1164,00;0,02;3,72;1,12;0,20;0,2328;;
1165,00;0,02;3,68;1,13;0,21;0,233;;
1166,00;0,02;3,72;1,13;0,20;0,2332;;
1167,00;0,02;3,68;1,14;0,21;0,2334;;
1168,00;0,02;3,72;1,13;0,20;0,2336;;
1169,00;0,02;3,68;1,14;0,21;0,2338;;
1170,00;0,02;3,72;1,14;0,20;0,234;;
1171,00;0,02;3,68;1,16;0,21;0,2342;;
1172,00;0,02;3,68;1,15;0,21;0,2344;;
1173,00;0,02;3,72;1,16;0,20;0,2346;;
1174,00;0,02;3,72;1,16;0,20;0,2348;;
1175,00;0,02;3,68;1,17;0,21;0,235;;
1176,00;0,02;3,68;1,17;0,20;0,2352;;
1177,00;0,02;3,72;1,18;0,21;0,2354;;
1178,00;0,02;3,68;1,18;0,21;0,2356;;
1179,00;0,02;3,72;1,19;0,20;0,2358;;
1180,00;0,02;3,72;1,18;0,20;0,236;;
1181,00;0,02;3,68;1,20;0,21;0,2362;;
1182,00;0,02;3,72;1,19;0,21;0,2364;;
1183,00;0,02;3,68;1,20;0,20;0,2366;;
1184,00;0,02;3,68;1,20;0,21;0,2368;;
1185,00;0,02;3,72;1,21;0,20;0,237;;
1186,00;0,02;3,72;1,20;0,20;0,2372;;
1187,00;0,02;3,68;1,22;0,21;0,2374;;
1188,00;0,02;3,68;1,22;0,20;0,2376;;
1189,00;0,02;3,72;1,23;0,21;0,2378;;
1190,00;0,02;3,72;1,22;0,20;0,238;;
1191,00;0,02;3,68;1,23;0,21;0,2382;;
1192,00;0,02;3,68;1,23;0,20;0,2384;;
1193,00;0,02;3,72;1,24;0,21;0,2386;;
1194,00;0,02;3,68;1,24;0,21;0,2388;;
1195,00;0,02;3,72;1,25;0,20;0,239;;
1196,00;0,02;3,72;1,24;0,21;0,2392;;
1197,00;0,02;3,68;1,26;0,20;0,2394;;
1198,00;0,02;3,72;1,25;0,20;0,2396;;
1199,00;0,02;3,68;1,26;0,21;0,2398;;
