X,CH1,CH2,CH3,CH4,Start,Increment,
Sequence,Volt,Volt,Volt,Volt,-2.995000e+00,5.000000e-03
0,-2.00e-01,6.00e-01,5.28e-01,1.50e+01,
1,8.00e-01,-2.00e-01,5.28e-01,1.50e+01,
2,-2.00e-01,-2.00e-01,5.28e-01,1.50e+01,
3,8.00e-01,6.00e-01,5.28e-01,1.50e+01,
4,-2.00e-01,-2.00e-01,5.28e-01,1.50e+01,
5,8.00e-01,6.00e-01,5.28e-01,1.50e+01,
6,-2.00e-01,6.00e-01,5.28e-01,1.50e+01,
7,8.00e-01,-2.00e-01,5.28e-01,1.50e+01,
8,-2.00e-01,4.00e-01,5.28e-01,1.50e+01,
9,8.00e-01,-2.00e-01,5.28e-01,1.50e+01,
10,-2.00e-01,4.00e-01,5.28e-01,1.50e+01,
11,8.00e-01,-2.00e-01,5.28e-01,1.50e+01,
12,-2.00e-01,-2.00e-01,5.28e-01,1.50e+01,
13,6.00e-01,6.00e-01,5.28e-01,1.50e+01,
14,1.00e+00,-2.00e-01,5.28e-01,1.50e+01,
15,-2.00e-01,6.00e-01,5.28e-01,1.50e+01,
16,6.00e-01,6.00e-01,5.28e-01,1.50e+01,
17,-2.00e-01,-2.00e-01,5.28e-01,1.50e+01,
18,6.00e-01,4.00e-01,5.28e-01,1.50e+01,
19,-2.00e-01,-2.00e-01,5.28e-01,1.50e+01,
20,-2.00e-01,-2.00e-01,5.28e-01,1.50e+01,
21,8.00e-01,6.00e-01,5.28e-01,1.50e+01,
22,-2.00e-01,4.00e-01,5.28e-01,1.50e+01,
23,8.00e-01,-2.00e-01,5.28e-01,1.50e+01,
24,-2.00e-01,6.00e-01,5.28e-01,1.50e+01,
25,6.00e-01,-2.00e-01,5.28e-01,1.50e+01,
26,-2.00e-01,8.00e-01,5.28e-01,1.50e+01,
27,8.00e-01,-2.00e-01,5.28e-01,1.50e+01,
28,-2.00e-01,6.00e-01,5.28e-01,1.50e+01,
29,8.00e-01,-2.00e-01,5.28e-01,1.50e+01,
30,8.00e-01,6.00e-01,5.28e-01,1.50e+01,
31,-2.00e-01,-2.00e-01,5.28e-01,1.50e+01,
32,6.00e-01,6.00e-01,5.28e-01,1.50e+01,
33,-2.00e-01,-2.00e-01,5.28e-01,1.50e+01,
34,8.00e-01,-2.00e-01,5.28e-01,1.50e+01,
35,-2.00e-01,8.00e-01,5.28e-01,1.50e+01,
36,-2.00e-01,6.00e-01,5.28e-01,1.50e+01,
37,8.00e-01,-2.00e-01,5.28e-01,1.50e+01,
38,-2.00e-01,-2.00e-01,5.28e-01,1.50e+01,
39,8.00e-01,8.00e-01,5.28e-01,1.50e+01,
40,-2.00e-01,-2.00e-01,5.28e-01,1.50e+01,
41,8.00e-01,6.00e-01,5.28e-01,1.50e+01,
42,-2.00e-01,6.00e-01,5.28e-01,1.50e+01,
43,8.00e-01,-2.00e-01,5.28e-01,1.50e+01,
44,-2.00e-01,-2.00e-01,5.28e-01,1.50e+01,
45,8.00e-01,6.00e-01,5.28e-01,1.50e+01,
46,6.00e-01,6.00e-01,5.28e-01,1.50e+01,
47,-2.00e-01,-2.00e-01,5.28e-01,1.50e+01,
48,6.00e-01,-2.00e-01,5.28e-01,1.50e+01,
49,-2.00e-01,6.00e-01,5.28e-01,1.50e+01,
50,-2.00e-01,4.00e-01,5.28e-01,1.50e+01,
51,8.00e-01,-2.00e-01,5.28e-01,1.50e+01,
52,6.00e-01,-2.00e-01,5.28e-01,1.50e+01,
53,-2.00e-01,6.00e-01,5.28e-01,1.50e+01,
54,-2.00e-01,-2.00e-01,5.28e-01,1.50e+01,
55,8.00e-01,6.00e-01,5.28e-01,1.50e+01,
56,6.00e-01,6.00e-01,5.28e-01,1.50e+01,
57,-2.00e-01,-2.00e-01,5.28e-01,1.50e+01,
58,8.00e-01,4.00e-01,5.28e-01,1.50e+01,
59,-2.00e-01,-2.00e-01,5.28e-01,1.50e+01,
60,-2.00e-01,6.00e-01,5.28e-01,1.50e+01,
61,8.00e-01,-2.00e-01,5.28e-01,1.50e+01,
62,6.00e-01,-2.00e-01,5.28e-01,1.50e+01,
63,-2.00e-01,6.00e-01,5.28e-01,1.50e+01,
64,6.00e-01,-2.00e-01,5.28e-01,1.50e+01,
65,-2.00e-01,6.00e-01,5.28e-01,1.50e+01,
66,-2.00e-01,6.00e-01,5.28e-01,1.50e+01,
67,8.00e-01,-2.00e-01,5.28e-01,1.50e+01,
68,8.00e-01,6.00e-01,5.28e-01,1.50e+01,
69,-2.00e-01,-2.00e-01,5.28e-01,1.50e+01,
70,-2.00e-01,-2.00e-01,5.28e-01,1.50e+01,
71,8.00e-01,8.00e-01,5.28e-01,1.50e+01,
72,6.00e-01,6.00e-01,5.28e-01,1.50e+01,
73,-2.00e-01,-2.00e-01,5.28e-01,1.50e+01,
74,6.00e-01,-2.00e-01,5.28e-01,1.50e+01,
75,-2.00e-01,6.00e-01,5.28e-01,1.50e+01,
76,6.00e-01,-2.00e-01,5.28e-01,1.50e+01,
77,-2.00e-01,6.00e-01,5.28e-01,1.50e+01,
78,-2.00e-01,-2.00e-01,5.28e-01,1.50e+01,
79,8.00e-01,8.00e-01,5.28e-01,1.50e+01,
80,-2.00e-01,-2.00e-01,5.28e-01,1.50e+01,
81,8.00e-01,6.00e-01,5.28e-01,1.50e+01,
82,6.00e-01,6.00e-01,5.28e-01,1.50e+01,
83,-2.00e-01,-2.00e-01,5.28e-01,1.50e+01,
84,8.00e-01,-2.00e-01,5.28e-01,1.50e+01,
85,-2.00e-01,6.00e-01,5.28e-01,1.50e+01,
86,-2.00e-01,-2.00e-01,5.28e-01,1.50e+01,
87,8.00e-01,8.00e-01,5.28e-01,1.50e+01,
88,-2.00e-01,-2.00e-01,5.28e-01,1.50e+01,
89,6.00e-01,6.00e-01,5.28e-01,1.50e+01,
90,-2.00e-01,-2.00e-01,5.28e-01,1.50e+01,
91,8.00e-01,6.00e-01,5.28e-01,1.50e+01,
92,6.00e-01,-2.00e-01,5.28e-01,1.50e+01,
93,-2.00e-01,6.00e-01,5.28e-01,1.50e+01,
94,-2.00e-01,6.00e-01,5.28e-01,1.50e+01,
95,8.00e-01,-2.00e-01,5.28e-01,1.50e+01,
96,-2.00e-01,6.00e-01,5.28e-01,1.50e+01,
97,6.00e-01,-2.00e-01,5.28e-01,1.50e+01,
98,-2.00e-01,-2.00e-01,5.28e-01,1.50e+01,
99,8.00e-01,8.00e-01,5.28e-01,1.50e+01,
100,-2.00e-01,-2.00e-01,5.28e-01,1.50e+01,
101,8.00e-01,6.00e-01,5.28e-01,1.50e+01,
102,-2.00e-01,-2.00e-01,5.28e-01,1.50e+01,
103,8.00e-01,8.00e-01,5.28e-01,1.50e+01,
104,6.00e-01,6.00e-01,5.28e-01,1.50e+01,
105,-2.00e-01,-2.00e-01,5.28e-01,1.50e+01,
106,6.00e-01,-2.00e-01,5.28e-01,1.50e+01,
107,-2.00e-01,6.00e-01,5.28e-01,1.50e+01,
108,6.00e-01,4.00e-01,5.28e-01,1.50e+01,
109,-2.00e-01,-2.00e-01,5.28e-01,1.50e+01,
110,-2.00e-01,4.00e-01,5.28e-01,1.50e+01,
111,8.00e-01,-6.00e-01,5.28e-01,1.50e+01,
112,6.00e-01,4.00e-01,5.28e-01,1.50e+01,
113,-2.00e-01,-2.00e-01,5.28e-01,1.50e+01,
114,6.00e-01,-2.00e-01,5.28e-01,1.50e+01,
115,-2.00e-01,8.00e-01,5.28e-01,1.50e+01,
116,6.00e-01,-2.00e-01,5.28e-01,1.50e+01,
117,-2.00e-01,6.00e-01,5.28e-01,1.50e+01,
118,8.00e-01,4.00e-01,5.28e-01,1.50e+01,
119,-2.00e-01,-2.00e-01,5.28e-01,1.50e+01,
120,6.00e-01,-2.00e-01,5.28e-01,1.50e+01,
121,-2.00e-01,6.00e-01,5.28e-01,1.50e+01,
122,1.00e+00,-2.00e-01,5.28e-01,1.50e+01,
123,-2.00e-01,8.00e-01,5.28e-01,1.50e+01,
124,-2.00e-01,4.00e-01,5.28e-01,1.50e+01,
125,8.00e-01,-2.00e-01,5.28e-01,1.50e+01,
126,1.20e+00,8.00e-01,5.28e-01,1.50e+01,
127,-2.00e-01,-2.00e-01,5.28e-01,1.50e+01,
128,-2.00e-01,6.00e-01,5.28e-01,1.50e+01,
129,8.00e-01,-2.00e-01,5.28e-01,1.50e+01,
130,-2.00e-01,-2.00e-01,5.28e-01,1.50e+01,
131,8.00e-01,6.00e-01,5.28e-01,1.50e+01,
132,6.00e-01,-2.00e-01,5.28e-01,1.50e+01,
133,-2.00e-01,6.00e-01,5.28e-01,1.50e+01,
134,-2.00e-01,-2.00e-01,5.28e-01,1.50e+01,
135,1.00e+00,8.00e-01,5.28e-01,1.50e+01,
136,-2.00e-01,-2.00e-01,5.28e-01,1.50e+01,
137,1.00e+00,6.00e-01,5.28e-01,1.50e+01,
138,-2.00e-01,-2.00e-01,5.28e-01,1.50e+01,
139,1.00e+00,6.00e-01,5.28e-01,1.50e+01,
140,6.00e-01,-2.00e-01,5.28e-01,1.50e+01,
141,-2.00e-01,6.00e-01,5.28e-01,1.50e+01,
142,-2.00e-01,4.00e-01,5.28e-01,1.50e+01,
143,8.00e-01,-2.00e-01,5.28e-01,1.50e+01,
144,8.00e-01,4.00e-01,5.28e-01,1.50e+01,
145,-2.00e-01,-2.00e-01,5.28e-01,1.50e+01,
146,-2.00e-01,-2.00e-01,5.28e-01,1.50e+01,
147,1.00e+00,8.00e-01,5.28e-01,1.50e+01,
148,6.00e-01,-2.00e-01,5.28e-01,1.50e+01,
149,-2.00e-01,6.00e-01,5.28e-01,1.50e+01,
150,-2.00e-01,8.00e-01,5.28e-01,1.50e+01,
151,8.00e-01,-2.00e-01,5.28e-01,1.50e+01,
152,8.00e-01,-2.00e-01,5.28e-01,1.50e+01,
153,-2.00e-01,6.00e-01,5.28e-01,1.50e+01,
154,6.00e-01,4.00e-01,5.28e-01,1.50e+01,
155,-2.00e-01,-2.00e-01,5.28e-01,1.50e+01,
156,6.00e-01,6.00e-01,5.28e-01,1.50e+01,
157,-2.00e-01,-2.00e-01,5.28e-01,1.50e+01,
158,8.00e-01,-2.00e-01,5.28e-01,1.50e+01,
159,-2.00e-01,6.00e-01,5.28e-01,1.50e+01,
160,-2.00e-01,-2.00e-01,5.28e-01,1.50e+01,
161,8.00e-01,6.00e-01,5.28e-01,1.50e+01,
162,-2.00e-01,4.00e-01,5.28e-01,1.50e+01,
163,8.00e-01,-2.00e-01,5.28e-01,1.50e+01,
164,6.00e-01,-2.00e-01,5.28e-01,1.50e+01,
165,-2.00e-01,6.00e-01,5.28e-01,1.50e+01,
166,-2.00e-01,-2.00e-01,5.28e-01,1.50e+01,
167,8.00e-01,6.00e-01,5.28e-01,1.50e+01,
168,6.00e-01,-2.00e-01,5.28e-01,1.50e+01,
169,-2.00e-01,6.00e-01,5.28e-01,1.50e+01,
170,8.00e-01,-2.00e-01,5.28e-01,1.50e+01,
171,-2.00e-01,6.00e-01,5.28e-01,1.50e+01,
172,6.00e-01,6.00e-01,5.28e-01,1.50e+01,
173,-2.00e-01,-2.00e-01,5.28e-01,1.50e+01,
174,-2.00e-01,-2.00e-01,5.28e-01,1.50e+01,
175,8.00e-01,6.00e-01,5.28e-01,1.50e+01,
176,6.00e-01,-2.00e-01,5.28e-01,1.50e+01,
177,-2.00e-01,6.00e-01,5.28e-01,1.50e+01,
178,-2.00e-01,-2.00e-01,5.28e-01,1.50e+01,
179,1.00e+00,6.00e-01,5.28e-01,1.50e+01,
180,-2.00e-01,-2.00e-01,5.28e-01,1.50e+01,
181,8.00e-01,6.00e-01,5.28e-01,1.50e+01,
182,8.00e-01,-2.00e-01,5.28e-01,1.50e+01,
183,-2.00e-01,8.00e-01,5.28e-01,1.50e+01,
184,-2.00e-01,-2.00e-01,5.28e-01,1.50e+01,
185,8.00e-01,6.00e-01,5.28e-01,1.50e+01,
186,-2.00e-01,-2.00e-01,5.28e-01,1.50e+01,
187,8.00e-01,6.00e-01,5.28e-01,1.50e+01,
188,-2.00e-01,-2.00e-01,5.28e-01,1.50e+01,
189,8.00e-01,6.00e-01,5.28e-01,1.50e+01,
190,8.00e-01,-2.00e-01,5.28e-01,1.50e+01,
191,-2.00e-01,8.00e-01,5.28e-01,1.50e+01,
192,-2.00e-01,6.00e-01,5.28e-01,1.50e+01,
193,8.00e-01,-2.00e-01,5.28e-01,1.50e+01,
194,-2.00e-01,-2.00e-01,5.28e-01,1.50e+01,
195,8.00e-01,6.00e-01,5.28e-01,1.50e+01,
196,-2.00e-01,6.00e-01,5.28e-01,1.50e+01,
197,8.00e-01,-2.00e-01,5.28e-01,1.50e+01,
198,-2.00e-01,-2.00e-01,5.28e-01,1.50e+01,
199,8.00e-01,6.00e-01,5.28e-01,1.50e+01,
200,6.00e-01,4.00e-01,5.28e-01,1.50e+01,
201,-2.00e-01,-2.00e-01,5.28e-01,1.50e+01,
202,-2.00e-01,-2.00e-01,5.28e-01,1.50e+01,
203,8.00e-01,8.00e-01,5.28e-01,1.50e+01,
204,6.00e-01,6.00e-01,5.28e-01,1.50e+01,
205,-2.00e-01,-2.00e-01,5.28e-01,1.50e+01,
206,-2.00e-01,-2.00e-01,5.28e-01,1.50e+01,
207,8.00e-01,8.00e-01,5.28e-01,1.50e+01,
208,-2.00e-01,6.00e-01,5.28e-01,1.50e+01,
209,6.00e-01,-2.00e-01,5.28e-01,1.50e+01,
210,8.00e-01,-2.00e-01,5.28e-01,1.50e+01,
211,-2.00e-01,6.00e-01,5.28e-01,1.50e+01,
212,-2.00e-01,6.00e-01,5.28e-01,1.50e+01,
213,8.00e-01,-2.00e-01,5.28e-01,1.50e+01,
214,-2.00e-01,6.00e-01,5.28e-01,1.50e+01,
215,8.00e-01,-2.00e-01,5.28e-01,1.50e+01,
216,-2.00e-01,6.00e-01,5.28e-01,1.50e+01,
217,1.00e+00,-2.00e-01,5.28e-01,1.50e+01,
218,-2.00e-01,-2.00e-01,5.28e-01,1.50e+01,
219,8.00e-01,6.00e-01,5.28e-01,1.50e+01,
220,6.00e-01,6.00e-01,5.28e-01,1.50e+01,
221,-2.00e-01,-2.00e-01,5.28e-01,1.50e+01,
222,-2.00e-01,-2.00e-01,5.28e-01,1.50e+01,
223,8.00e-01,8.00e-01,5.28e-01,1.50e+01,
224,6.00e-01,6.00e-01,5.28e-01,1.50e+01,
225,-2.00e-01,-2.00e-01,5.28e-01,1.50e+01,
226,-2.00e-01,-2.00e-01,5.28e-01,1.50e+01,
227,8.00e-01,6.00e-01,5.28e-01,1.50e+01,
228,-2.00e-01,-2.00e-01,5.28e-01,1.50e+01,
229,8.00e-01,6.00e-01,5.28e-01,1.50e+01,
230,-2.00e-01,-2.00e-01,5.28e-01,1.50e+01,
231,8.00e-01,8.00e-01,5.28e-01,1.50e+01,
232,6.00e-01,-2.00e-01,5.28e-01,1.50e+01,
233,-2.00e-01,6.00e-01,5.28e-01,1.50e+01,
234,8.00e-01,6.00e-01,5.28e-01,1.50e+01,
235,-2.00e-01,-2.00e-01,5.28e-01,1.50e+01,
236,6.00e-01,6.00e-01,5.28e-01,1.50e+01,
237,-2.00e-01,-2.00e-01,5.28e-01,1.50e+01,
238,8.00e-01,-2.00e-01,5.28e-01,1.50e+01,
239,-2.00e-01,6.00e-01,5.28e-01,1.50e+01,
240,6.00e-01,6.00e-01,5.28e-01,1.50e+01,
241,-2.00e-01,-2.00e-01,5.28e-01,1.50e+01,
242,8.00e-01,8.00e-01,5.28e-01,1.50e+01,
243,-2.00e-01,-2.00e-01,5.28e-01,1.50e+01,
244,6.00e-01,6.00e-01,5.28e-01,1.50e+01,
245,-2.00e-01,-2.00e-01,5.28e-01,1.50e+01,
246,-2.00e-01,-2.00e-01,5.28e-01,1.50e+01,
247,8.00e-01,6.00e-01,5.28e-01,1.50e+01,
248,6.00e-01,4.00e-01,5.28e-01,1.50e+01,
249,-2.00e-01,-2.00e-01,5.28e-01,1.50e+01,
250,-2.00e-01,-2.00e-01,5.28e-01,1.50e+01,
251,1.00e+00,6.00e-01,5.28e-01,1.50e+01,
252,-2.00e-01,4.00e-01,5.28e-01,1.50e+01,
253,8.00e-01,-2.00e-01,5.28e-01,1.50e+01,
254,-2.00e-01,4.00e-01,5.28e-01,1.50e+01,
255,8.00e-01,-2.00e-01,5.28e-01,1.50e+01,
256,-2.00e-01,6.00e-01,5.28e-01,1.50e+01,
257,8.00e-01,-2.00e-01,5.28e-01,1.50e+01,
258,-2.00e-01,-2.00e-01,5.28e-01,1.50e+01,
259,8.00e-01,6.00e-01,5.28e-01,1.50e+01,
260,6.00e-01,-2.00e-01,5.28e-01,1.50e+01,
261,-2.00e-01,6.00e-01,5.28e-01,1.50e+01,
262,-2.00e-01,-2.00e-01,5.28e-01,1.50e+01,
263,8.00e-01,6.00e-01,5.28e-01,1.50e+01,
264,-2.00e-01,4.00e-01,5.28e-01,1.50e+01,
265,8.00e-01,-2.00e-01,5.28e-01,1.50e+01,
266,-2.00e-01,-2.00e-01,5.28e-01,1.50e+01,
267,8.00e-01,6.00e-01,5.28e-01,1.50e+01,
268,-2.00e-01,4.00e-01,5.28e-01,1.50e+01,
269,6.00e-01,-2.00e-01,5.28e-01,1.50e+01,
270,1.00e+00,-2.00e-01,5.28e-01,1.50e+01,
271,-2.00e-01,6.00e-01,5.28e-01,1.50e+01,
272,6.00e-01,4.00e-01,5.28e-01,1.50e+01,
273,-2.00e-01,-2.00e-01,5.28e-01,1.50e+01,
274,-2.00e-01,4.00e-01,5.28e-01,1.50e+01,
275,8.00e-01,-2.00e-01,5.28e-01,1.50e+01,
276,6.00e-01,4.00e-01,5.28e-01,1.50e+01,
277,-2.00e-01,-2.00e-01,5.28e-01,1.50e+01,
278,-2.00e-01,6.00e-01,5.28e-01,1.50e+01,
279,8.00e-01,-2.00e-01,5.28e-01,1.50e+01,
280,-2.00e-01,-2.00e-01,5.28e-01,1.50e+01,
281,8.00e-01,6.00e-01,5.28e-01,1.50e+01,
282,-2.00e-01,6.00e-01,5.28e-01,1.50e+01,
283,8.00e-01,-2.00e-01,5.28e-01,1.50e+01,
284,-2.00e-01,6.00e-01,5.28e-01,1.50e+01,
285,8.00e-01,-2.00e-01,5.28e-01,1.50e+01,
286,-2.00e-01,-2.00e-01,5.28e-01,1.50e+01,
287,8.00e-01,6.00e-01,5.28e-01,1.50e+01,
288,-2.00e-01,4.00e-01,5.28e-01,1.50e+01,
289,8.00e-01,-2.00e-01,5.28e-01,1.50e+01,
290,8.00e-01,-2.00e-01,5.28e-01,1.50e+01,
291,-2.00e-01,8.00e-01,5.28e-01,1.50e+01,
292,-2.00e-01,6.00e-01,5.28e-01,1.50e+01,
293,8.00e-01,-2.00e-01,5.28e-01,1.50e+01,
294,-2.00e-01,6.00e-01,5.28e-01,1.50e+01,
295,8.00e-01,-2.00e-01,5.28e-01,1.50e+01,
296,-2.00e-01,4.00e-01,5.28e-01,1.50e+01,
297,8.00e-01,-2.00e-01,5.28e-01,1.50e+01,
298,-2.00e-01,-2.00e-01,5.28e-01,1.50e+01,
299,8.00e-01,6.00e-01,5.28e-01,1.50e+01,
300,-2.00e-01,-2.00e-01,5.28e-01,1.50e+01,
301,8.00e-01,6.00e-01,5.28e-01,1.50e+01,
302,-2.00e-01,6.00e-01,5.28e-01,1.50e+01,
303,8.00e-01,-2.00e-01,5.28e-01,1.50e+01,
304,-2.00e-01,-2.00e-01,5.28e-01,1.50e+01,
305,8.00e-01,6.00e-01,5.28e-01,1.50e+01,
306,6.00e-01,4.00e-01,5.28e-01,1.50e+01,
307,-2.00e-01,-2.00e-01,5.28e-01,1.50e+01,
308,-2.00e-01,6.00e-01,5.28e-01,1.50e+01,
309,8.00e-01,-2.00e-01,5.28e-01,1.50e+01,
310,-2.00e-01,-2.00e-01,5.28e-01,1.50e+01,
311,8.00e-01,6.00e-01,5.28e-01,1.50e+01,
312,6.00e-01,-2.00e-01,5.28e-01,1.50e+01,
313,-2.00e-01,6.00e-01,5.28e-01,1.50e+01,
314,-2.00e-01,-2.00e-01,5.28e-01,1.50e+01,
315,8.00e-01,6.00e-01,5.28e-01,1.50e+01,
316,6.00e-01,4.00e-01,5.28e-01,1.50e+01,
317,-2.00e-01,-2.00e-01,5.28e-01,1.50e+01,
318,-2.00e-01,4.00e-01,5.28e-01,1.50e+01,
319,8.00e-01,-2.00e-01,5.28e-01,1.50e+01,
320,6.00e-01,4.00e-01,5.28e-01,1.50e+01,
321,-2.00e-01,-2.00e-01,5.28e-01,1.50e+01,
322,-2.00e-01,6.00e-01,5.28e-01,1.50e+01,
323,8.00e-01,-2.00e-01,5.28e-01,1.50e+01,
324,-2.00e-01,4.00e-01,5.28e-01,1.50e+01,
325,8.00e-01,-2.00e-01,5.28e-01,1.50e+01,
326,8.00e-01,-2.00e-01,5.28e-01,1.50e+01,
327,-2.00e-01,8.00e-01,5.28e-01,1.50e+01,
328,6.00e-01,-2.00e-01,5.28e-01,1.50e+01,
329,-2.00e-01,8.00e-01,5.28e-01,1.50e+01,
330,-2.00e-01,6.00e-01,5.28e-01,1.50e+01,
331,8.00e-01,-2.00e-01,5.28e-01,1.50e+01,
332,6.00e-01,6.00e-01,5.28e-01,1.50e+01,
333,-2.00e-01,-2.00e-01,5.28e-01,1.50e+01,
334,-2.00e-01,-2.00e-01,5.28e-01,1.50e+01,
335,8.00e-01,6.00e-01,5.28e-01,1.50e+01,
336,6.00e-01,-2.00e-01,5.28e-01,1.50e+01,
337,-2.00e-01,6.00e-01,5.28e-01,1.50e+01,
338,-2.00e-01,6.00e-01,5.28e-01,1.50e+01,
339,8.00e-01,-2.00e-01,5.28e-01,1.50e+01,
340,6.00e-01,4.00e-01,5.28e-01,1.50e+01,
341,-2.00e-01,-2.00e-01,5.28e-01,1.50e+01,
342,-2.00e-01,-2.00e-01,5.28e-01,1.50e+01,
343,1.00e+00,6.00e-01,5.28e-01,1.50e+01,
344,6.00e-01,-2.00e-01,5.28e-01,1.50e+01,
345,-2.00e-01,6.00e-01,5.28e-01,1.50e+01,
346,8.00e-01,-2.00e-01,5.28e-01,1.50e+01,
347,-2.00e-01,8.00e-01,5.28e-01,1.50e+01,
348,-2.00e-01,6.00e-01,5.28e-01,1.50e+01,
349,6.00e-01,-2.00e-01,5.28e-01,1.50e+01,
350,-2.00e-01,-2.00e-01,5.28e-01,1.50e+01,
351,8.00e-01,6.00e-01,5.28e-01,1.50e+01,
352,6.00e-01,6.00e-01,5.28e-01,1.50e+01,
353,-2.00e-01,-2.00e-01,5.28e-01,1.50e+01,
354,-2.00e-01,-2.00e-01,5.28e-01,1.50e+01,
355,8.00e-01,6.00e-01,5.28e-01,1.50e+01,
356,-2.00e-01,-2.00e-01,5.28e-01,1.50e+01,
357,8.00e-01,6.00e-01,5.28e-01,1.50e+01,
358,8.00e-01,8.00e-01,5.28e-01,1.50e+01,
359,-2.00e-01,-2.00e-01,5.28e-01,1.50e+01,
360,-2.00e-01,-2.00e-01,5.28e-01,1.50e+01,
361,8.00e-01,6.00e-01,5.28e-01,1.50e+01,
362,-2.00e-01,6.00e-01,5.28e-01,1.50e+01,
363,8.00e-01,-2.00e-01,5.28e-01,1.50e+01,
364,-2.00e-01,4.00e-01,5.28e-01,1.50e+01,
365,8.00e-01,-2.00e-01,5.28e-01,1.50e+01,
366,-2.00e-01,-2.00e-01,5.28e-01,1.50e+01,
367,8.00e-01,8.00e-01,5.28e-01,1.50e+01,
368,-2.00e-01,-2.00e-01,5.28e-01,1.50e+01,
369,8.00e-01,6.00e-01,5.28e-01,1.50e+01,
370,8.00e-01,8.00e-01,5.28e-01,1.50e+01,
371,-2.00e-01,-2.00e-01,5.28e-01,1.50e+01,
372,-2.00e-01,6.00e-01,5.28e-01,1.50e+01,
373,8.00e-01,-2.00e-01,5.28e-01,1.50e+01,
374,8.00e-01,4.00e-01,5.28e-01,1.50e+01,
375,-2.00e-01,-2.00e-01,5.28e-01,1.50e+01,
376,6.00e-01,-2.00e-01,5.28e-01,1.50e+01,
377,-2.00e-01,6.00e-01,5.28e-01,1.50e+01,
378,8.00e-01,6.00e-01,5.28e-01,1.50e+01,
379,-2.00e-01,-2.00e-01,5.28e-01,1.50e+01,
380,6.00e-01,4.00e-01,5.28e-01,1.50e+01,
381,-2.00e-01,-2.00e-01,5.28e-01,1.50e+01,
382,-2.00e-01,-2.00e-01,5.28e-01,1.50e+01,
383,8.00e-01,6.00e-01,5.28e-01,1.50e+01,
384,6.00e-01,6.00e-01,5.28e-01,1.50e+01,
385,-2.00e-01,-2.00e-01,5.28e-01,1.50e+01,
386,-2.00e-01,4.00e-01,5.28e-01,1.50e+01,
387,8.00e-01,-2.00e-01,5.28e-01,1.50e+01,
388,-2.00e-01,-2.00e-01,5.28e-01,1.50e+01,
389,8.00e-01,6.00e-01,5.28e-01,1.50e+01,
390,-2.00e-01,4.00e-01,5.28e-01,1.50e+01,
391,8.00e-01,-2.00e-01,5.28e-01,1.50e+01,
392,6.00e-01,-2.00e-01,5.28e-01,1.50e+01,
393,-2.00e-01,6.00e-01,5.28e-01,1.50e+01,
394,-2.00e-01,4.00e-01,5.28e-01,1.50e+01,
395,8.00e-01,-2.00e-01,5.28e-01,1.50e+01,
396,6.00e-01,6.00e-01,5.28e-01,1.50e+01,
397,-2.00e-01,-2.00e-01,5.28e-01,1.50e+01,
398,-2.00e-01,-2.00e-01,5.28e-01,1.50e+01,
399,8.00e-01,6.00e-01,5.28e-01,1.50e+01,
400,6.00e-01,-2.00e-01,5.28e-01,1.50e+01,
401,-2.00e-01,6.00e-01,5.28e-01,1.50e+01,
402,8.00e-01,-2.00e-01,5.28e-01,1.50e+01,
403,-2.00e-01,6.00e-01,5.28e-01,1.50e+01,
404,6.00e-01,4.00e-01,5.28e-01,1.50e+01,
405,-2.00e-01,-2.00e-01,5.28e-01,1.50e+01,
406,-2.00e-01,8.00e-01,5.28e-01,1.50e+01,
407,1.00e+00,-2.00e-01,5.28e-01,1.50e+01,
408,-2.00e-01,-2.00e-01,5.28e-01,1.50e+01,
409,8.00e-01,6.00e-01,5.28e-01,1.50e+01,
410,6.00e-01,-2.00e-01,5.28e-01,1.50e+01,
411,-2.00e-01,4.00e-01,5.28e-01,1.50e+01,
412,-2.00e-01,4.00e-01,5.28e-01,1.50e+01,
413,8.00e-01,-2.00e-01,5.28e-01,1.50e+01,
414,-2.00e-01,-2.00e-01,5.28e-01,1.50e+01,
415,8.00e-01,6.00e-01,5.28e-01,1.50e+01,
416,-2.00e-01,-2.00e-01,5.28e-01,1.50e+01,
417,8.00e-01,6.00e-01,5.28e-01,1.50e+01,
418,8.00e-01,-2.00e-01,5.28e-01,1.50e+01,
419,-2.00e-01,8.00e-01,5.28e-01,1.50e+01,
420,-2.00e-01,-2.00e-01,5.28e-01,1.50e+01,
421,8.00e-01,6.00e-01,5.28e-01,1.50e+01,
422,-2.00e-01,-2.00e-01,5.28e-01,1.50e+01,
423,8.00e-01,8.00e-01,5.28e-01,1.50e+01,
424,-2.00e-01,-2.00e-01,5.28e-01,1.50e+01,
425,8.00e-01,6.00e-01,5.28e-01,1.50e+01,
426,-2.00e-01,6.00e-01,5.28e-01,1.50e+01,
427,8.00e-01,-2.00e-01,5.28e-01,1.50e+01,
428,-2.00e-01,-2.00e-01,5.28e-01,1.50e+01,
429,8.00e-01,6.00e-01,5.28e-01,1.50e+01,
430,-2.00e-01,-2.00e-01,5.28e-01,1.50e+01,
431,8.00e-01,6.00e-01,5.28e-01,1.50e+01,
432,-2.00e-01,4.00e-01,5.28e-01,1.50e+01,
433,6.00e-01,-2.00e-01,5.28e-01,1.50e+01,
434,1.20e+00,-2.00e-01,5.28e-01,1.50e+01,
435,-2.00e-01,8.00e-01,5.28e-01,1.50e+01,
436,6.00e-01,-2.00e-01,5.28e-01,1.50e+01,
437,-2.00e-01,6.00e-01,5.28e-01,1.50e+01,
438,6.00e-01,-2.00e-01,5.28e-01,1.50e+01,
439,-2.00e-01,6.00e-01,5.28e-01,1.50e+01,
440,6.00e-01,-2.00e-01,5.28e-01,1.50e+01,
441,-2.00e-01,6.00e-01,5.28e-01,1.50e+01,
442,-2.00e-01,4.00e-01,5.28e-01,1.50e+01,
443,8.00e-01,-2.00e-01,5.28e-01,1.50e+01,
444,6.00e-01,-2.00e-01,5.28e-01,1.50e+01,
445,-2.00e-01,6.00e-01,5.28e-01,1.50e+01,
446,-2.00e-01,-2.00e-01,5.28e-01,1.50e+01,
447,8.00e-01,6.00e-01,5.28e-01,1.50e+01,
448,-2.00e-01,-2.00e-01,5.28e-01,1.50e+01,
449,6.00e-01,6.00e-01,5.28e-01,1.50e+01,
450,-2.00e-01,-2.00e-01,5.28e-01,1.50e+01,
451,8.00e-01,8.00e-01,5.28e-01,1.50e+01,
452,8.00e-01,-2.00e-01,5.28e-01,1.50e+01,
453,-2.00e-01,6.00e-01,5.28e-01,1.50e+01,
454,1.00e+00,-2.00e-01,5.28e-01,1.50e+01,
455,-2.00e-01,6.00e-01,5.28e-01,1.50e+01,
456,-2.00e-01,6.00e-01,5.28e-01,1.50e+01,
457,8.00e-01,-2.00e-01,5.28e-01,1.50e+01,
458,-2.00e-01,-2.00e-01,5.28e-01,1.50e+01,
459,8.00e-01,8.00e-01,5.28e-01,1.50e+01,
460,-2.00e-01,-2.00e-01,5.28e-01,1.50e+01,
461,8.00e-01,6.00e-01,5.28e-01,1.50e+01,
462,-2.00e-01,-2.00e-01,5.28e-01,1.50e+01,
463,8.00e-01,6.00e-01,5.28e-01,1.50e+01,
464,6.00e-01,-2.00e-01,5.28e-01,1.50e+01,
465,-2.00e-01,6.00e-01,5.28e-01,1.50e+01,
466,6.00e-01,-2.00e-01,5.28e-01,1.50e+01,
467,-2.00e-01,6.00e-01,5.28e-01,1.50e+01,
468,6.00e-01,-2.00e-01,5.28e-01,1.50e+01,
469,-2.00e-01,6.00e-01,5.28e-01,1.50e+01,
470,-2.00e-01,-2.00e-01,5.28e-01,1.50e+01,
471,8.00e-01,6.00e-01,5.28e-01,1.50e+01,
472,6.00e-01,6.00e-01,5.28e-01,1.50e+01,
473,-2.00e-01,-2.00e-01,5.28e-01,1.50e+01,
474,8.00e-01,-2.00e-01,5.28e-01,1.50e+01,
475,-2.00e-01,6.00e-01,5.28e-01,1.50e+01,
476,-2.00e-01,6.00e-01,5.28e-01,1.50e+01,
477,1.00e+00,-2.00e-01,5.28e-01,1.50e+01,
478,8.00e-01,-2.00e-01,5.28e-01,1.50e+01,
479,-2.00e-01,6.00e-01,5.28e-01,1.50e+01,
480,-2.00e-01,-2.00e-01,5.28e-01,1.50e+01,
481,6.00e-01,6.00e-01,5.28e-01,1.50e+01,
482,-2.00e-01,-2.00e-01,5.28e-01,1.50e+01,
483,8.00e-01,8.00e-01,5.28e-01,1.50e+01,
484,-2.00e-01,-2.00e-01,5.28e-01,1.50e+01,
485,8.00e-01,6.00e-01,5.28e-01,1.50e+01,
486,1.00e+00,6.00e-01,5.28e-01,1.50e+01,
487,-2.00e-01,-2.00e-01,5.28e-01,1.50e+01,
488,-2.00e-01,-2.00e-01,5.28e-01,1.50e+01,
489,8.00e-01,6.00e-01,5.28e-01,1.50e+01,
490,-2.00e-01,-2.00e-01,5.28e-01,1.50e+01,
491,8.00e-01,8.00e-01,5.28e-01,1.50e+01,
492,6.00e-01,-2.00e-01,5.28e-01,1.50e+01,
493,-2.00e-01,6.00e-01,5.28e-01,1.50e+01,
494,6.00e-01,-2.00e-01,5.28e-01,1.50e+01,
495,-2.00e-01,6.00e-01,5.28e-01,1.50e+01,
496,-2.00e-01,6.00e-01,5.28e-01,1.50e+01,
497,8.00e-01,-2.00e-01,5.28e-01,1.50e+01,
498,-2.00e-01,-2.00e-01,5.28e-01,1.50e+01,
499,8.00e-01,8.00e-01,5.28e-01,1.50e+01,
500,6.00e-01,-2.00e-01,5.28e-01,1.50e+01,
501,-2.00e-01,6.00e-01,5.28e-01,1.50e+01,
502,8.00e-01,-2.00e-01,5.28e-01,1.50e+01,
503,-2.00e-01,6.00e-01,5.28e-01,1.50e+01,
504,-2.00e-01,-2.00e-01,5.28e-01,1.50e+01,
505,6.00e-01,6.00e-01,5.28e-01,1.50e+01,
506,8.00e-01,6.00e-01,5.28e-01,1.50e+01,
507,-2.00e-01,-2.00e-01,5.28e-01,1.50e+01,
508,6.00e-01,-2.00e-01,5.28e-01,1.50e+01,
509,-2.00e-01,8.00e-01,5.28e-01,1.50e+01,
510,-2.00e-01,-2.00e-01,5.28e-01,1.50e+01,
511,8.00e-01,6.00e-01,5.28e-01,1.50e+01,
512,6.00e-01,6.00e-01,5.28e-01,1.50e+01,
513,-2.00e-01,-2.00e-01,5.28e-01,1.50e+01,
514,-2.00e-01,-2.00e-01,5.28e-01,1.50e+01,
515,8.00e-01,6.00e-01,5.28e-01,1.50e+01,
516,-2.00e-01,6.00e-01,5.28e-01,1.50e+01,
517,8.00e-01,-2.00e-01,5.28e-01,1.50e+01,
518,8.00e-01,4.00e-01,5.28e-01,1.50e+01,
519,-2.00e-01,-2.00e-01,5.28e-01,1.50e+01,
520,6.00e-01,4.00e-01,5.28e-01,1.50e+01,
521,-2.00e-01,-2.00e-01,5.28e-01,1.50e+01,
522,8.00e-01,-2.00e-01,5.28e-01,1.50e+01,
523,-2.00e-01,6.00e-01,5.28e-01,1.50e+01,
524,6.00e-01,-2.00e-01,5.28e-01,1.50e+01,
525,-2.00e-01,6.00e-01,5.28e-01,1.50e+01,
526,8.00e-01,8.00e-01,5.28e-01,1.50e+01,
527,-2.00e-01,-2.00e-01,5.28e-01,1.50e+01,
528,-2.00e-01,-2.00e-01,5.28e-01,1.50e+01,
529,8.00e-01,6.00e-01,5.28e-01,1.50e+01,
530,-2.00e-01,-2.00e-01,5.28e-01,1.50e+01,
531,6.00e-01,8.00e-01,5.28e-01,1.50e+01,
532,-2.00e-01,-2.00e-01,5.28e-01,1.50e+01,
533,1.00e+00,6.00e-01,5.28e-01,1.50e+01,
534,-2.00e-01,-2.00e-01,5.28e-01,1.50e+01,
535,8.00e-01,6.00e-01,5.28e-01,1.50e+01,
536,6.00e-01,6.00e-01,5.28e-01,1.50e+01,
537,-2.00e-01,-2.00e-01,5.28e-01,1.50e+01,
538,-2.00e-01,-2.00e-01,5.28e-01,1.50e+01,
539,6.00e-01,6.00e-01,5.28e-01,1.50e+01,
540,6.00e-01,4.00e-01,5.28e-01,1.50e+01,
541,-2.00e-01,-2.00e-01,5.28e-01,1.50e+01,
542,8.00e-01,6.00e-01,5.28e-01,1.50e+01,
543,-2.00e-01,-2.00e-01,5.28e-01,1.50e+01,
544,8.00e-01,-2.00e-01,5.28e-01,1.50e+01,
545,-2.00e-01,6.00e-01,5.28e-01,1.50e+01,
546,-2.00e-01,-2.00e-01,5.28e-01,1.50e+01,
547,8.00e-01,6.00e-01,5.28e-01,1.50e+01,
548,8.00e-01,4.00e-01,5.28e-01,1.50e+01,
549,-2.00e-01,-2.00e-01,5.28e-01,1.50e+01,
550,6.00e-01,-2.00e-01,5.28e-01,1.50e+01,
551,-2.00e-01,6.00e-01,5.28e-01,1.50e+01,
552,-2.00e-01,4.00e-01,5.28e-01,1.50e+01,
553,8.00e-01,-2.00e-01,5.28e-01,1.50e+01,
554,-2.00e-01,-2.00e-01,5.28e-01,1.50e+01,
555,8.00e-01,8.00e-01,5.28e-01,1.50e+01,
556,-2.00e-01,4.00e-01,5.28e-01,1.50e+01,
557,8.00e-01,-2.00e-01,5.28e-01,1.50e+01,
558,-2.00e-01,-2.00e-01,5.28e-01,1.50e+01,
559,8.00e-01,6.00e-01,5.28e-01,1.50e+01,
560,6.00e-01,-2.00e-01,5.28e-01,1.50e+01,
561,-2.00e-01,6.00e-01,5.28e-01,1.50e+01,
562,1.00e+00,-2.00e-01,5.28e-01,1.50e+01,
563,-2.00e-01,6.00e-01,5.28e-01,1.50e+01,
564,6.00e-01,-2.00e-01,5.28e-01,1.50e+01,
565,-2.00e-01,6.00e-01,5.28e-01,1.50e+01,
566,8.00e-01,4.00e-01,5.28e-01,1.50e+01,
567,-2.00e-01,-2.00e-01,5.28e-01,1.50e+01,
568,8.00e-01,6.00e-01,5.28e-01,1.50e+01,
569,-2.00e-01,-2.00e-01,5.28e-01,1.50e+01,
570,8.00e-01,6.00e-01,5.28e-01,1.50e+01,
571,-2.00e-01,-2.00e-01,5.28e-01,1.50e+01,
572,-2.00e-01,-2.00e-01,5.28e-01,1.50e+01,
573,6.00e-01,6.00e-01,5.28e-01,1.50e+01,
574,8.00e-01,4.00e-01,5.28e-01,1.50e+01,
575,-2.00e-01,-2.00e-01,5.28e-01,1.50e+01,
576,-2.00e-01,6.00e-01,5.28e-01,1.50e+01,
577,8.00e-01,-2.00e-01,5.28e-01,1.50e+01,
578,-2.00e-01,-2.00e-01,5.28e-01,1.50e+01,
579,1.00e+00,6.00e-01,5.28e-01,1.50e+01,
580,8.00e-01,-2.00e-01,5.28e-01,1.50e+01,
581,-2.00e-01,6.00e-01,5.28e-01,1.50e+01,
582,-2.00e-01,-2.00e-01,5.28e-01,1.50e+01,
583,1.00e+00,6.00e-01,5.28e-01,1.50e+01,
584,6.00e-01,6.00e-01,5.28e-01,1.50e+01,
585,-2.00e-01,-2.00e-01,5.28e-01,1.50e+01,
586,-2.00e-01,4.00e-01,5.28e-01,1.50e+01,
587,8.00e-01,-2.00e-01,5.28e-01,1.50e+01,
588,-2.00e-01,-2.00e-01,5.28e-01,1.50e+01,
589,6.00e-01,6.00e-01,5.28e-01,1.50e+01,
590,-2.00e-01,-2.00e-01,5.28e-01,1.50e+01,
591,8.00e-01,6.00e-01,5.28e-01,1.50e+01,
592,-2.00e-01,-2.00e-01,5.28e-01,1.50e+01,
593,8.00e-01,6.00e-01,5.28e-01,1.50e+01,
594,-2.00e-01,-2.00e-01,5.28e-01,1.50e+01,
595,8.00e-01,8.00e-01,5.28e-01,1.50e+01,
596,6.00e-01,-2.00e-01,5.28e-01,1.50e+01,
597,-2.00e-01,6.00e-01,5.28e-01,1.50e+01,
598,8.00e-01,6.00e-01,5.28e-01,1.50e+01,
599,-2.00e-01,-2.00e-01,5.28e-01,1.50e+01,
600,-2.00e-01,6.00e-01,5.28e-01,1.50e+01,
601,8.00e-01,-2.00e-01,5.28e-01,1.50e+01,
602,-2.00e-01,-2.00e-01,5.28e-01,1.50e+01,
603,8.00e-01,6.00e-01,5.28e-01,1.50e+01,
604,-2.00e-01,6.00e-01,5.28e-01,1.50e+01,
605,8.00e-01,-2.00e-01,5.28e-01,1.50e+01,
606,-2.00e-01,-2.00e-01,5.28e-01,1.50e+01,
607,8.00e-01,6.00e-01,5.28e-01,1.50e+01,
608,-2.00e-01,-2.00e-01,5.28e-01,1.50e+01,
609,8.00e-01,6.00e-01,5.28e-01,1.50e+01,
610,-2.00e-01,-2.00e-01,5.28e-01,1.50e+01,
611,8.00e-01,6.00e-01,5.28e-01,1.50e+01,
612,6.00e-01,4.00e-01,5.28e-01,1.50e+01,
613,-2.00e-01,-2.00e-01,5.28e-01,1.50e+01,
614,-2.00e-01,-2.00e-01,5.28e-01,1.50e+01,
615,8.00e-01,6.00e-01,5.28e-01,1.50e+01,
616,-2.00e-01,-2.00e-01,5.28e-01,1.50e+01,
617,8.00e-01,6.00e-01,5.28e-01,1.50e+01,
618,-2.00e-01,6.00e-01,5.28e-01,1.50e+01,
619,8.00e-01,-2.00e-01,5.28e-01,1.50e+01,
620,-2.00e-01,-2.00e-01,5.28e-01,1.50e+01,
621,6.00e-01,6.00e-01,5.28e-01,1.50e+01,
622,8.00e-01,-2.00e-01,5.28e-01,1.50e+01,
623,-2.00e-01,6.00e-01,5.28e-01,1.50e+01,
624,-2.00e-01,-2.00e-01,5.28e-01,1.50e+01,
625,8.00e-01,6.00e-01,5.28e-01,1.50e+01,
626,-2.00e-01,-2.00e-01,5.28e-01,1.50e+01,
627,8.00e-01,8.00e-01,5.28e-01,1.50e+01,
628,6.00e-01,6.00e-01,5.28e-01,1.50e+01,
629,-2.00e-01,-2.00e-01,5.28e-01,1.50e+01,
630,-2.00e-01,-2.00e-01,5.28e-01,1.50e+01,
631,8.00e-01,6.00e-01,5.28e-01,1.50e+01,
632,6.00e-01,6.00e-01,5.28e-01,1.50e+01,
633,-2.00e-01,-2.00e-01,5.28e-01,1.50e+01,
634,-2.00e-01,4.00e-01,5.28e-01,1.50e+01,
635,8.00e-01,-2.00e-01,5.28e-01,1.50e+01,
636,1.00e+00,6.00e-01,5.28e-01,1.50e+01,
637,-2.00e-01,-2.00e-01,5.28e-01,1.50e+01,
638,-2.00e-01,6.00e-01,5.28e-01,1.50e+01,
639,1.00e+00,-2.00e-01,5.28e-01,1.50e+01,
640,-2.00e-01,6.00e-01,5.28e-01,1.50e+01,
641,8.00e-01,-2.00e-01,5.28e-01,1.50e+01,
642,6.00e-01,-2.00e-01,5.28e-01,1.50e+01,
643,-2.00e-01,8.00e-01,5.28e-01,1.50e+01,
644,6.00e-01,6.00e-01,5.28e-01,1.50e+01,
645,-2.00e-01,-2.00e-01,5.28e-01,1.50e+01,
646,8.00e-01,4.00e-01,5.28e-01,1.50e+01,
647,-2.00e-01,-2.00e-01,5.28e-01,1.50e+01,
648,-2.00e-01,-2.00e-01,5.28e-01,1.50e+01,
649,1.00e+00,6.00e-01,5.28e-01,1.50e+01,
650,1.00e+00,-2.00e-01,5.28e-01,1.50e+01,
651,-2.00e-01,8.00e-01,5.28e-01,1.50e+01,
652,-2.00e-01,4.00e-01,5.28e-01,1.50e+01,
653,8.00e-01,-2.00e-01,5.28e-01,1.50e+01,
654,1.00e+00,-2.00e-01,5.28e-01,1.50e+01,
655,-2.00e-01,8.00e-01,5.28e-01,1.50e+01,
656,-2.00e-01,6.00e-01,5.28e-01,1.50e+01,
657,8.00e-01,-2.00e-01,5.28e-01,1.50e+01,
658,8.00e-01,-2.00e-01,5.28e-01,1.50e+01,
659,-2.00e-01,6.00e-01,5.28e-01,1.50e+01,
660,-2.00e-01,-2.00e-01,5.28e-01,1.50e+01,
661,8.00e-01,6.00e-01,5.28e-01,1.50e+01,
662,-2.00e-01,-2.00e-01,5.28e-01,1.50e+01,
663,8.00e-01,6.00e-01,5.28e-01,1.50e+01,
664,-2.00e-01,-2.00e-01,5.28e-01,1.50e+01,
665,6.00e-01,6.00e-01,5.28e-01,1.50e+01,
666,-2.00e-01,-2.00e-01,5.28e-01,1.50e+01,
667,1.00e+00,8.00e-01,5.28e-01,1.50e+01,
668,-2.00e-01,-2.00e-01,5.28e-01,1.50e+01,
669,8.00e-01,6.00e-01,5.28e-01,1.50e+01,
670,8.00e-01,-2.00e-01,5.28e-01,1.50e+01,
671,-2.00e-01,6.00e-01,5.28e-01,1.50e+01,
672,-2.00e-01,6.00e-01,5.28e-01,1.50e+01,
673,6.00e-01,-2.00e-01,5.28e-01,1.50e+01,
674,-2.00e-01,-2.00e-01,5.28e-01,1.50e+01,
675,6.00e-01,6.00e-01,5.28e-01,1.50e+01,
676,6.00e-01,-2.00e-01,5.28e-01,1.50e+01,
677,-2.00e-01,6.00e-01,5.28e-01,1.50e+01,
678,-2.00e-01,6.00e-01,5.28e-01,1.50e+01,
679,6.00e-01,-2.00e-01,5.28e-01,1.50e+01,
680,-2.00e-01,-2.00e-01,5.28e-01,1.50e+01,
681,8.00e-01,6.00e-01,5.28e-01,1.50e+01,
682,6.00e-01,-2.00e-01,5.28e-01,1.50e+01,
683,-2.00e-01,6.00e-01,5.28e-01,1.50e+01,
684,6.00e-01,-2.00e-01,5.28e-01,1.50e+01,
685,-2.00e-01,6.00e-01,5.28e-01,1.50e+01,
686,1.00e+00,6.00e-01,5.28e-01,1.50e+01,
687,-2.00e-01,-2.00e-01,5.28e-01,1.50e+01,
688,-2.00e-01,4.00e-01,5.28e-01,1.50e+01,
689,8.00e-01,-2.00e-01,5.28e-01,1.50e+01,
690,6.00e-01,6.00e-01,5.28e-01,1.50e+01,
691,-2.00e-01,-4.00e-01,5.28e-01,1.50e+01,
692,-2.00e-01,-2.00e-01,5.28e-01,1.50e+01,
693,6.00e-01,6.00e-01,5.28e-01,1.50e+01,
694,-2.00e-01,-2.00e-01,5.28e-01,1.50e+01,
695,8.00e-01,8.00e-01,5.28e-01,1.50e+01,
696,-2.00e-01,-2.00e-01,5.28e-01,1.50e+01,
697,8.00e-01,4.00e-01,5.28e-01,1.50e+01,
698,8.00e-01,4.00e-01,5.28e-01,1.50e+01,
699,-2.00e-01,-2.00e-01,5.28e-01,1.50e+01,
700,-2.00e-01,4.00e-01,5.28e-01,1.50e+01,
701,8.00e-01,-2.00e-01,5.28e-01,1.50e+01,
702,-2.00e-01,-2.00e-01,5.28e-01,1.50e+01,
703,8.00e-01,6.00e-01,5.28e-01,1.50e+01,
704,-2.00e-01,4.00e-01,5.28e-01,1.50e+01,
705,8.00e-01,-2.00e-01,5.28e-01,1.50e+01,
706,8.00e-01,4.00e-01,5.28e-01,1.50e+01,
707,-2.00e-01,-2.00e-01,5.28e-01,1.50e+01,
708,-2.00e-01,4.00e-01,5.28e-01,1.50e+01,
709,1.00e+00,-2.00e-01,5.28e-01,1.50e+01,
710,8.00e-01,8.00e-01,5.28e-01,1.50e+01,
711,-2.00e-01,-2.00e-01,5.28e-01,1.50e+01,
712,-2.00e-01,-2.00e-01,5.28e-01,1.50e+01,
713,6.00e-01,6.00e-01,5.28e-01,1.50e+01,
714,-2.00e-01,-2.00e-01,5.28e-01,1.50e+01,
715,8.00e-01,6.00e-01,5.28e-01,1.50e+01,
716,-2.00e-01,-2.00e-01,5.28e-01,1.50e+01,
717,6.00e-01,6.00e-01,5.28e-01,1.50e+01,
718,-2.00e-01,6.00e-01,5.28e-01,1.50e+01,
719,8.00e-01,-2.00e-01,5.28e-01,1.50e+01,
720,-2.00e-01,-2.00e-01,5.28e-01,1.50e+01,
721,6.00e-01,6.00e-01,5.28e-01,1.50e+01,
722,-2.00e-01,-2.00e-01,5.28e-01,1.50e+01,
723,8.00e-01,6.00e-01,5.28e-01,1.50e+01,
724,6.00e-01,6.00e-01,5.28e-01,1.50e+01,
725,-2.00e-01,-2.00e-01,5.28e-01,1.50e+01,
726,6.00e-01,-2.00e-01,5.28e-01,1.50e+01,
727,-2.00e-01,6.00e-01,5.28e-01,1.50e+01,
728,6.00e-01,6.00e-01,5.28e-01,1.50e+01,
729,-2.00e-01,-2.00e-01,5.28e-01,1.50e+01,
730,-2.00e-01,-2.00e-01,5.28e-01,1.50e+01,
731,6.00e-01,6.00e-01,5.28e-01,1.50e+01,
732,6.00e-01,-2.00e-01,5.28e-01,1.50e+01,
733,-2.00e-01,6.00e-01,5.28e-01,1.50e+01,
734,-2.00e-01,-2.00e-01,5.28e-01,1.50e+01,
735,8.00e-01,8.00e-01,5.28e-01,1.50e+01,
736,6.00e-01,-2.00e-01,5.28e-01,1.50e+01,
737,-2.00e-01,6.00e-01,5.28e-01,1.50e+01,
738,-2.00e-01,4.00e-01,5.28e-01,1.50e+01,
739,6.00e-01,-2.00e-01,5.28e-01,1.50e+01,
740,-2.00e-01,-2.00e-01,5.28e-01,1.50e+01,
741,6.00e-01,4.00e-01,5.28e-01,1.50e+01,
742,-2.00e-01,-2.00e-01,5.28e-01,1.50e+01,
743,8.00e-01,8.00e-01,5.28e-01,1.50e+01,
744,6.00e-01,6.00e-01,5.28e-01,1.50e+01,
745,-2.00e-01,-2.00e-01,5.28e-01,1.50e+01,
746,-2.00e-01,4.00e-01,5.28e-01,1.50e+01,
747,8.00e-01,-2.00e-01,5.28e-01,1.50e+01,
748,6.00e-01,4.00e-01,5.28e-01,1.50e+01,
749,-2.00e-01,-2.00e-01,5.28e-01,1.50e+01,
750,-2.00e-01,-2.00e-01,5.28e-01,1.50e+01,
751,8.00e-01,4.00e-01,5.28e-01,1.50e+01,
752,-2.00e-01,-2.00e-01,5.28e-01,1.50e+01,
753,8.00e-01,6.00e-01,5.28e-01,1.50e+01,
754,-2.00e-01,-2.00e-01,5.28e-01,1.50e+01,
755,8.00e-01,6.00e-01,5.28e-01,1.50e+01,
756,6.00e-01,-2.00e-01,5.28e-01,1.50e+01,
757,-2.00e-01,6.00e-01,5.28e-01,1.50e+01,
758,-2.00e-01,-2.00e-01,5.28e-01,1.50e+01,
759,8.00e-01,8.00e-01,5.28e-01,1.50e+01,
760,-2.00e-01,-2.00e-01,5.28e-01,1.50e+01,
761,8.00e-01,6.00e-01,5.28e-01,1.50e+01,
762,-2.00e-01,6.00e-01,5.28e-01,1.50e+01,
763,8.00e-01,-2.00e-01,5.28e-01,1.50e+01,
764,6.00e-01,-2.00e-01,5.28e-01,1.50e+01,
765,-2.00e-01,4.00e-01,5.28e-01,1.50e+01,
766,-2.00e-01,6.00e-01,5.28e-01,1.50e+01,
767,6.00e-01,-2.00e-01,5.28e-01,1.50e+01,
768,6.00e-01,-2.00e-01,5.28e-01,1.50e+01,
769,-2.00e-01,6.00e-01,5.28e-01,1.50e+01,
770,-2.00e-01,-2.00e-01,5.28e-01,1.50e+01,
771,1.00e+00,6.00e-01,5.28e-01,1.50e+01,
772,-2.00e-01,-2.00e-01,5.28e-01,1.50e+01,
773,8.00e-01,6.00e-01,5.28e-01,1.50e+01,
774,-2.00e-01,-2.00e-01,5.28e-01,1.50e+01,
775,8.00e-01,6.00e-01,5.28e-01,1.50e+01,
776,6.00e-01,6.00e-01,5.28e-01,1.50e+01,
777,-2.00e-01,-2.00e-01,5.28e-01,1.50e+01,
778,-2.00e-01,-2.00e-01,5.28e-01,1.50e+01,
779,8.00e-01,6.00e-01,5.28e-01,1.50e+01,
780,6.00e-01,-2.00e-01,5.28e-01,1.50e+01,
781,-2.00e-01,6.00e-01,5.28e-01,1.50e+01,
782,8.00e-01,-2.00e-01,5.28e-01,1.50e+01,
783,-2.00e-01,6.00e-01,5.28e-01,1.50e+01,
784,-2.00e-01,-2.00e-01,5.28e-01,1.50e+01,
785,1.00e+00,6.00e-01,5.28e-01,1.50e+01,
786,-2.00e-01,4.00e-01,5.28e-01,1.50e+01,
787,8.00e-01,-2.00e-01,5.28e-01,1.50e+01,
788,6.00e-01,-2.00e-01,5.28e-01,1.50e+01,
789,-2.00e-01,6.00e-01,5.28e-01,1.50e+01,
790,-2.00e-01,-2.00e-01,5.28e-01,1.50e+01,
791,8.00e-01,8.00e-01,5.28e-01,1.50e+01,
792,6.00e-01,-2.00e-01,5.28e-01,1.50e+01,
793,-2.00e-01,6.00e-01,5.28e-01,1.50e+01,
794,8.00e-01,-2.00e-01,5.28e-01,1.50e+01,
795,-2.00e-01,4.00e-01,5.28e-01,1.50e+01,
796,-2.00e-01,-2.00e-01,5.28e-01,1.50e+01,
797,8.00e-01,6.00e-01,5.28e-01,1.50e+01,
798,6.00e-01,-2.00e-01,5.28e-01,1.50e+01,
799,-2.00e-01,6.00e-01,5.28e-01,1.50e+01,
800,-2.00e-01,-2.00e-01,5.28e-01,1.50e+01,
801,1.00e+00,6.00e-01,5.28e-01,1.50e+01,
802,6.00e-01,6.00e-01,5.28e-01,1.50e+01,
803,-2.00e-01,-2.00e-01,5.28e-01,1.50e+01,
804,6.00e-01,-2.00e-01,5.28e-01,1.50e+01,
805,-2.00e-01,6.00e-01,5.28e-01,1.50e+01,
806,-2.00e-01,-2.00e-01,5.28e-01,1.50e+01,
807,8.00e-01,6.00e-01,5.28e-01,1.50e+01,
808,6.00e-01,6.00e-01,5.28e-01,1.50e+01,
809,-2.00e-01,-2.00e-01,5.28e-01,1.50e+01,
810,1.00e+00,-2.00e-01,5.28e-01,1.50e+01,
811,-2.00e-01,8.00e-01,5.28e-01,1.50e+01,
812,6.00e-01,-2.00e-01,5.28e-01,1.50e+01,
813,-2.00e-01,6.00e-01,5.28e-01,1.50e+01,
814,-2.00e-01,-2.00e-01,5.28e-01,1.50e+01,
815,8.00e-01,6.00e-01,5.28e-01,1.50e+01,
816,6.00e-01,6.00e-01,5.28e-01,1.50e+01,
817,-2.00e-01,-2.00e-01,5.28e-01,1.50e+01,
818,-2.00e-01,-2.00e-01,5.28e-01,1.50e+01,
819,8.00e-01,6.00e-01,5.28e-01,1.50e+01,
820,-2.00e-01,6.00e-01,5.28e-01,1.50e+01,
821,6.00e-01,-2.00e-01,5.28e-01,1.50e+01,
822,-2.00e-01,-2.00e-01,5.28e-01,1.50e+01,
823,8.00e-01,6.00e-01,5.28e-01,1.50e+01,
824,6.00e-01,4.00e-01,5.28e-01,1.50e+01,
825,-2.00e-01,-2.00e-01,5.28e-01,1.50e+01,
826,-2.00e-01,-2.00e-01,5.28e-01,1.50e+01,
827,8.00e-01,8.00e-01,5.28e-01,1.50e+01,
828,6.00e-01,-2.00e-01,5.28e-01,1.50e+01,
829,-2.00e-01,4.00e-01,5.28e-01,1.50e+01,
830,-2.00e-01,-2.00e-01,5.28e-01,1.50e+01,
831,8.00e-01,4.00e-01,5.28e-01,1.50e+01,
832,-2.00e-01,6.00e-01,5.28e-01,1.50e+01,
833,8.00e-01,-2.00e-01,5.28e-01,1.50e+01,
834,6.00e-01,6.00e-01,5.28e-01,1.50e+01,
835,-2.00e-01,-2.00e-01,5.28e-01,1.50e+01,
836,6.00e-01,-2.00e-01,5.28e-01,1.50e+01,
837,-2.00e-01,6.00e-01,5.28e-01,1.50e+01,
838,8.00e-01,-2.00e-01,5.28e-01,1.50e+01,
839,-2.00e-01,6.00e-01,5.28e-01,1.50e+01,
840,6.00e-01,6.00e-01,5.28e-01,1.50e+01,
841,-2.00e-01,-2.00e-01,5.28e-01,1.50e+01,
842,-2.00e-01,-2.00e-01,5.28e-01,1.50e+01,
843,8.00e-01,6.00e-01,5.28e-01,1.50e+01,
844,-2.00e-01,-2.00e-01,5.28e-01,1.50e+01,
845,6.00e-01,4.00e-01,5.28e-01,1.50e+01,
846,8.00e-01,8.00e-01,5.28e-01,1.50e+01,
847,-2.00e-01,-2.00e-01,5.28e-01,1.50e+01,
848,6.00e-01,-2.00e-01,5.28e-01,1.50e+01,
849,-2.00e-01,6.00e-01,5.28e-01,1.50e+01,
850,-2.00e-01,-2.00e-01,5.28e-01,1.50e+01,
851,6.00e-01,4.00e-01,5.28e-01,1.50e+01,
852,6.00e-01,-2.00e-01,5.28e-01,1.50e+01,
853,-2.00e-01,6.00e-01,5.28e-01,1.50e+01,
854,8.00e-01,6.00e-01,5.28e-01,1.50e+01,
855,-2.00e-01,-2.00e-01,5.28e-01,1.50e+01,
856,6.00e-01,-2.00e-01,5.28e-01,1.50e+01,
857,-2.00e-01,6.00e-01,5.28e-01,1.50e+01,
858,-2.00e-01,-2.00e-01,5.28e-01,1.50e+01,
859,8.00e-01,4.00e-01,5.28e-01,1.50e+01,
860,-2.00e-01,4.00e-01,5.28e-01,1.50e+01,
861,6.00e-01,-2.00e-01,5.28e-01,1.50e+01,
862,1.00e+00,-2.00e-01,5.28e-01,1.50e+01,
863,-2.00e-01,6.00e-01,5.28e-01,1.50e+01,
864,-2.00e-01,-2.00e-01,5.28e-01,1.50e+01,
865,6.00e-01,6.00e-01,5.28e-01,1.50e+01,
866,6.00e-01,6.00e-01,5.28e-01,1.50e+01,
867,-2.00e-01,-2.00e-01,5.28e-01,1.50e+01,
868,-2.00e-01,-2.00e-01,5.28e-01,1.50e+01,
869,6.00e-01,6.00e-01,5.28e-01,1.50e+01,
870,-2.00e-01,-2.00e-01,5.28e-01,1.50e+01,
871,8.00e-01,6.00e-01,5.28e-01,1.50e+01,
872,6.00e-01,4.00e-01,5.28e-01,1.50e+01,
873,-2.00e-01,-2.00e-01,5.28e-01,1.50e+01,
874,-2.00e-01,-2.00e-01,5.28e-01,1.50e+01,
875,1.00e+00,6.00e-01,5.28e-01,1.50e+01,
876,-2.00e-01,-2.00e-01,5.28e-01,1.50e+01,
877,8.00e-01,6.00e-01,5.28e-01,1.50e+01,
878,-2.00e-01,-2.00e-01,5.28e-01,1.50e+01,
879,1.00e+00,8.00e-01,5.28e-01,1.50e+01,
880,-2.00e-01,4.00e-01,5.28e-01,1.50e+01,
881,6.00e-01,-2.00e-01,5.28e-01,1.50e+01,
882,-2.00e-01,4.00e-01,5.28e-01,1.50e+01,
883,8.00e-01,-2.00e-01,5.28e-01,1.50e+01,
884,-2.00e-01,-2.00e-01,5.28e-01,1.50e+01,
885,8.00e-01,6.00e-01,5.28e-01,1.50e+01,
886,-2.00e-01,-2.00e-01,5.28e-01,1.50e+01,
887,8.00e-01,6.00e-01,5.28e-01,1.50e+01,
888,-2.00e-01,-2.00e-01,5.28e-01,1.50e+01,
889,6.00e-01,6.00e-01,5.28e-01,1.50e+01,
890,-2.00e-01,-2.00e-01,5.28e-01,1.50e+01,
891,8.00e-01,6.00e-01,5.28e-01,1.50e+01,
892,-2.00e-01,-2.00e-01,5.28e-01,1.50e+01,
893,8.00e-01,6.00e-01,5.28e-01,1.50e+01,
894,-2.00e-01,-2.00e-01,5.28e-01,1.50e+01,
895,8.00e-01,6.00e-01,5.28e-01,1.50e+01,
896,6.00e-01,-2.00e-01,5.28e-01,1.50e+01,
897,-2.00e-01,6.00e-01,5.28e-01,1.50e+01,
898,8.00e-01,-2.00e-01,5.28e-01,1.50e+01,
899,-2.00e-01,6.00e-01,5.28e-01,1.50e+01,
900,-2.00e-01,-2.00e-01,5.28e-01,1.50e+01,
901,6.00e-01,6.00e-01,5.28e-01,1.50e+01,
902,-2.00e-01,4.00e-01,5.28e-01,1.50e+01,
903,8.00e-01,-2.00e-01,5.28e-01,1.50e+01,
904,-2.00e-01,-2.00e-01,5.28e-01,1.50e+01,
905,6.00e-01,6.00e-01,5.28e-01,1.50e+01,
906,6.00e-01,4.00e-01,5.28e-01,1.50e+01,
907,-2.00e-01,-2.00e-01,5.28e-01,1.50e+01,
908,-2.00e-01,4.00e-01,5.28e-01,1.50e+01,
909,6.00e-01,-2.00e-01,5.28e-01,1.50e+01,
910,-2.00e-01,6.00e-01,5.28e-01,1.50e+01,
911,8.00e-01,-2.00e-01,5.28e-01,1.50e+01,
912,-2.00e-01,-2.00e-01,5.28e-01,1.50e+01,
913,6.00e-01,6.00e-01,5.28e-01,1.50e+01,
914,-2.00e-01,-2.00e-01,5.28e-01,1.50e+01,
915,8.00e-01,6.00e-01,5.28e-01,1.50e+01,
916,6.00e-01,-2.00e-01,5.28e-01,1.50e+01,
917,-2.00e-01,6.00e-01,5.28e-01,1.50e+01,
918,8.00e-01,-2.00e-01,5.28e-01,1.50e+01,
919,-2.00e-01,6.00e-01,5.28e-01,1.50e+01,
920,-2.00e-01,-2.00e-01,5.28e-01,1.50e+01,
921,8.00e-01,4.00e-01,5.28e-01,1.50e+01,
922,-2.00e-01,-2.00e-01,5.28e-01,1.50e+01,
923,8.00e-01,4.00e-01,5.28e-01,1.50e+01,
924,-2.00e-01,-2.00e-01,5.28e-01,1.50e+01,
925,8.00e-01,6.00e-01,5.28e-01,1.50e+01,
926,-2.00e-01,6.00e-01,5.28e-01,1.50e+01,
927,1.00e+00,-2.00e-01,5.28e-01,1.50e+01,
928,6.00e-01,4.00e-01,5.28e-01,1.50e+01,
929,-2.00e-01,-2.00e-01,5.28e-01,1.50e+01,
930,-2.00e-01,8.00e-01,5.28e-01,1.50e+01,
931,8.00e-01,-2.00e-01,5.28e-01,1.50e+01,
932,-2.00e-01,-2.00e-01,5.28e-01,1.50e+01,
933,6.00e-01,6.00e-01,5.28e-01,1.50e+01,
934,-2.00e-01,-2.00e-01,5.28e-01,1.50e+01,
935,8.00e-01,6.00e-01,5.28e-01,1.50e+01,
936,-2.00e-01,-2.00e-01,5.28e-01,1.50e+01,
937,8.00e-01,6.00e-01,5.28e-01,1.50e+01,
938,-2.00e-01,-2.00e-01,5.28e-01,1.50e+01,
939,6.00e-01,6.00e-01,5.28e-01,1.50e+01,
940,6.00e-01,-2.00e-01,5.28e-01,1.50e+01,
941,-2.00e-01,6.00e-01,5.28e-01,1.50e+01,
942,6.00e-01,-2.00e-01,5.28e-01,1.50e+01,
943,-2.00e-01,6.00e-01,5.28e-01,1.50e+01,
944,-2.00e-01,4.00e-01,5.28e-01,1.50e+01,
945,6.00e-01,-2.00e-01,5.28e-01,1.50e+01,
946,-2.00e-01,-2.00e-01,5.28e-01,1.50e+01,
947,6.00e-01,6.00e-01,5.28e-01,1.50e+01,
948,-2.00e-01,-2.00e-01,5.28e-01,1.50e+01,
949,8.00e-01,6.00e-01,5.28e-01,1.50e+01,
950,-2.00e-01,-2.00e-01,5.28e-01,1.50e+01,
951,8.00e-01,6.00e-01,5.28e-01,1.50e+01,
952,-2.00e-01,-2.00e-01,5.28e-01,1.50e+01,
953,6.00e-01,4.00e-01,5.28e-01,1.50e+01,
954,-2.00e-01,-2.00e-01,5.28e-01,1.50e+01,
955,8.00e-01,8.00e-01,5.28e-01,1.50e+01,
956,-2.00e-01,-2.00e-01,5.28e-01,1.50e+01,
957,6.00e-01,6.00e-01,5.28e-01,1.50e+01,
958,-2.00e-01,-2.00e-01,5.28e-01,1.50e+01,
959,8.00e-01,8.00e-01,5.28e-01,1.50e+01,
960,-2.00e-01,4.00e-01,5.28e-01,1.50e+01,
961,8.00e-01,-2.00e-01,5.28e-01,1.50e+01,
962,-2.00e-01,-2.00e-01,5.28e-01,1.50e+01,
963,8.00e-01,6.00e-01,5.28e-01,1.50e+01,
964,6.00e-01,-2.00e-01,5.28e-01,1.50e+01,
965,-2.00e-01,6.00e-01,5.28e-01,1.50e+01,
966,-2.00e-01,-2.00e-01,5.28e-01,1.50e+01,
967,8.00e-01,6.00e-01,5.28e-01,1.50e+01,
968,-2.00e-01,-2.00e-01,5.28e-01,1.50e+01,
969,8.00e-01,6.00e-01,5.28e-01,1.50e+01,
970,-2.00e-01,4.00e-01,5.28e-01,1.50e+01,
971,8.00e-01,-2.00e-01,5.28e-01,1.50e+01,
972,-2.00e-01,6.00e-01,5.28e-01,1.50e+01,
973,6.00e-01,-2.00e-01,5.28e-01,1.50e+01,
974,-2.00e-01,8.00e-01,5.28e-01,1.50e+01,
975,8.00e-01,-2.00e-01,5.28e-01,1.50e+01,
976,-2.00e-01,-2.00e-01,5.28e-01,1.50e+01,
977,6.00e-01,6.00e-01,5.28e-01,1.50e+01,
978,-2.00e-01,6.00e-01,5.28e-01,1.50e+01,
979,8.00e-01,-2.00e-01,5.28e-01,1.50e+01,
980,-2.00e-01,4.00e-01,5.28e-01,1.50e+01,
981,6.00e-01,-2.00e-01,5.28e-01,1.50e+01,
982,-2.00e-01,-2.00e-01,5.28e-01,1.50e+01,
983,8.00e-01,8.00e-01,5.28e-01,1.50e+01,
984,-2.00e-01,6.00e-01,5.28e-01,1.50e+01,
985,6.00e-01,-2.00e-01,5.28e-01,1.50e+01,
986,8.00e-01,8.00e-01,5.28e-01,1.50e+01,
987,-2.00e-01,-2.00e-01,5.28e-01,1.50e+01,
988,-2.00e-01,4.00e-01,5.28e-01,1.50e+01,
989,8.00e-01,-2.00e-01,5.28e-01,1.50e+01,
990,-2.00e-01,-2.00e-01,5.28e-01,1.50e+01,
991,1.00e+00,6.00e-01,5.28e-01,1.50e+01,
992,-2.00e-01,-2.00e-01,5.28e-01,1.50e+01,
993,6.00e-01,6.00e-01,5.28e-01,1.50e+01,
994,8.00e-01,-2.00e-01,5.28e-01,1.50e+01,
995,-2.00e-01,6.00e-01,5.28e-01,1.50e+01,
996,8.00e-01,-2.00e-01,5.28e-01,1.50e+01,
997,-2.00e-01,6.00e-01,5.28e-01,1.50e+01,
998,-2.00e-01,-2.00e-01,5.28e-01,1.50e+01,
999,8.00e-01,6.00e-01,5.28e-01,1.50e+01,
1000,-2.00e-01,-2.00e-01,5.28e-01,1.50e+01,
1001,6.00e-01,6.00e-01,5.28e-01,1.50e+01,
1002,-2.00e-01,-2.00e-01,5.28e-01,1.50e+01,
1003,6.00e-01,6.00e-01,5.28e-01,1.50e+01,
1004,-2.00e-01,-2.00e-01,5.28e-01,1.50e+01,
1005,6.00e-01,4.00e-01,5.28e-01,1.50e+01,
1006,-2.00e-01,-2.00e-01,5.28e-01,1.50e+01,
1007,8.00e-01,6.00e-01,5.28e-01,1.50e+01,
1008,-2.00e-01,-2.00e-01,5.28e-01,1.50e+01,
1009,8.00e-01,6.00e-01,5.28e-01,1.50e+01,
1010,8.00e-01,-2.00e-01,5.28e-01,1.50e+01,
1011,-2.00e-01,6.00e-01,5.28e-01,1.50e+01,
1012,-2.00e-01,6.00e-01,5.28e-01,1.50e+01,
1013,6.00e-01,-2.00e-01,5.28e-01,1.50e+01,
1014,8.00e-01,-2.00e-01,5.28e-01,1.50e+01,
1015,-2.00e-01,6.00e-01,5.28e-01,1.50e+01,
1016,-2.00e-01,-2.00e-01,5.28e-01,1.50e+01,
1017,1.00e+00,6.00e-01,5.28e-01,1.50e+01,
1018,-2.00e-01,-2.00e-01,5.28e-01,1.50e+01,
1019,1.00e+00,4.00e-01,5.28e-01,1.50e+01,
1020,-2.00e-01,4.00e-01,5.28e-01,1.50e+01,
1021,6.00e-01,-2.00e-01,5.28e-01,1.50e+01,
1022,-2.00e-01,4.00e-01,5.28e-01,1.50e+01,
1023,8.00e-01,-2.00e-01,5.28e-01,1.50e+01,
1024,-2.00e-01,-2.00e-01,5.28e-01,1.50e+01,
1025,6.00e-01,6.00e-01,5.28e-01,1.50e+01,
1026,8.00e-01,4.00e-01,5.28e-01,1.50e+01,
1027,-2.00e-01,-2.00e-01,5.28e-01,1.50e+01,
1028,-2.00e-01,4.00e-01,5.28e-01,1.50e+01,
1029,8.00e-01,-2.00e-01,5.28e-01,1.50e+01,
1030,8.00e-01,-2.00e-01,5.28e-01,1.50e+01,
1031,-2.00e-01,4.00e-01,5.28e-01,1.50e+01,
1032,-2.00e-01,-2.00e-01,5.28e-01,1.50e+01,
1033,8.00e-01,6.00e-01,5.28e-01,1.50e+01,
1034,8.00e-01,-2.00e-01,5.28e-01,1.50e+01,
1035,-2.00e-01,4.00e-01,5.28e-01,1.50e+01,
1036,6.00e-01,-2.00e-01,5.28e-01,1.50e+01,
1037,-2.00e-01,6.00e-01,5.28e-01,1.50e+01,
1038,-2.00e-01,-2.00e-01,5.28e-01,1.50e+01,
1039,8.00e-01,8.00e-01,5.28e-01,1.50e+01,
1040,-2.00e-01,-2.00e-01,5.28e-01,1.50e+01,
1041,6.00e-01,6.00e-01,5.28e-01,1.50e+01,
1042,-2.00e-01,4.00e-01,5.28e-01,1.50e+01,
1043,8.00e-01,-2.00e-01,5.28e-01,1.50e+01,
1044,6.00e-01,-2.00e-01,5.28e-01,1.50e+01,
1045,-2.00e-01,6.00e-01,5.28e-01,1.50e+01,
1046,-2.00e-01,4.00e-01,5.28e-01,1.50e+01,
1047,8.00e-01,-2.00e-01,5.28e-01,1.50e+01,
1048,-2.00e-01,6.00e-01,5.28e-01,1.50e+01,
1049,6.00e-01,-2.00e-01,5.28e-01,1.50e+01,
1050,8.00e-01,4.00e-01,5.28e-01,1.50e+01,
1051,-2.00e-01,-2.00e-01,5.28e-01,1.50e+01,
1052,-2.00e-01,6.00e-01,5.28e-01,1.50e+01,
1053,6.00e-01,-2.00e-01,5.28e-01,1.50e+01,
1054,8.00e-01,4.00e-01,5.28e-01,1.50e+01,
1055,-2.00e-01,-2.00e-01,5.28e-01,1.50e+01,
1056,6.00e-01,4.00e-01,5.28e-01,1.50e+01,
1057,-2.00e-01,-2.00e-01,5.28e-01,1.50e+01,
1058,-2.00e-01,-2.00e-01,5.28e-01,1.50e+01,
1059,6.00e-01,6.00e-01,5.28e-01,1.50e+01,
1060,-2.00e-01,-2.00e-01,5.28e-01,1.50e+01,
1061,8.00e-01,6.00e-01,5.28e-01,1.50e+01,
1062,-2.00e-01,-2.00e-01,5.28e-01,1.50e+01,
1063,8.00e-01,6.00e-01,5.28e-01,1.50e+01,
1064,6.00e-01,-2.00e-01,5.28e-01,1.50e+01,
1065,-2.00e-01,6.00e-01,5.28e-01,1.50e+01,
1066,-2.00e-01,6.00e-01,5.28e-01,1.50e+01,
1067,8.00e-01,-2.00e-01,5.28e-01,1.50e+01,
1068,-2.00e-01,-2.00e-01,5.28e-01,1.50e+01,
1069,6.00e-01,6.00e-01,5.28e-01,1.50e+01,
1070,-2.00e-01,4.00e-01,5.28e-01,1.50e+01,
1071,8.00e-01,-2.00e-01,5.28e-01,1.50e+01,
1072,6.00e-01,4.00e-01,5.28e-01,1.50e+01,
1073,-2.00e-01,-2.00e-01,5.28e-01,1.50e+01,
1074,8.00e-01,-2.00e-01,5.28e-01,1.50e+01,
1075,-2.00e-01,6.00e-01,5.28e-01,1.50e+01,
1076,-2.00e-01,-2.00e-01,5.28e-01,1.50e+01,
1077,6.00e-01,4.00e-01,5.28e-01,1.50e+01,
1078,-2.00e-01,-2.00e-01,5.28e-01,1.50e+01,
1079,1.00e+00,8.00e-01,5.28e-01,1.50e+01,
1080,-2.00e-01,6.00e-01,5.28e-01,1.50e+01,
1081,8.00e-01,-2.00e-01,5.28e-01,1.50e+01,
1082,8.00e-01,-2.00e-01,5.28e-01,1.50e+01,
1083,-2.00e-01,6.00e-01,5.28e-01,1.50e+01,
1084,-2.00e-01,-2.00e-01,5.28e-01,1.50e+01,
1085,6.00e-01,6.00e-01,5.28e-01,1.50e+01,
1086,-2.00e-01,-2.00e-01,5.28e-01,1.50e+01,
1087,8.00e-01,6.00e-01,5.28e-01,1.50e+01,
1088,-2.00e-01,-2.00e-01,5.28e-01,1.50e+01,
1089,8.00e-01,6.00e-01,5.28e-01,1.50e+01,
1090,8.00e-01,-2.00e-01,5.28e-01,1.50e+01,
1091,-2.00e-01,4.00e-01,5.28e-01,1.50e+01,
1092,-2.00e-01,4.00e-01,5.28e-01,1.50e+01,
1093,6.00e-01,-2.00e-01,5.28e-01,1.50e+01,
1094,1.00e+00,-2.00e-01,5.28e-01,1.50e+01,
1095,-2.00e-01,6.00e-01,5.28e-01,1.50e+01,
1096,-2.00e-01,-2.00e-01,5.28e-01,1.50e+01,
1097,6.00e-01,6.00e-01,5.28e-01,1.50e+01,
1098,-2.00e-01,-2.00e-01,5.28e-01,1.50e+01,
1099,8.00e-01,6.00e-01,5.28e-01,1.50e+01,
1100,6.00e-01,-2.00e-01,5.28e-01,1.50e+01,
1101,-2.00e-01,4.00e-01,5.28e-01,1.50e+01,
1102,-2.00e-01,-2.00e-01,5.28e-01,1.50e+01,
1103,8.00e-01,6.00e-01,5.28e-01,1.50e+01,
1104,-2.00e-01,-2.00e-01,5.28e-01,1.50e+01,
1105,6.00e-01,4.00e-01,5.28e-01,1.50e+01,
1106,-2.00e-01,4.00e-01,5.28e-01,1.50e+01,
1107,8.00e-01,-2.00e-01,5.28e-01,1.50e+01,
1108,-2.00e-01,-2.00e-01,5.28e-01,1.50e+01,
1109,6.00e-01,4.00e-01,5.28e-01,1.50e+01,
1110,-2.00e-01,-2.00e-01,5.28e-01,1.50e+01,
1111,6.00e-01,6.00e-01,5.28e-01,1.50e+01,
1112,-2.00e-01,-2.00e-01,5.28e-01,1.50e+01,
1113,6.00e-01,6.00e-01,5.28e-01,1.50e+01,
1114,8.00e-01,8.00e-01,5.28e-01,1.50e+01,
1115,-2.00e-01,-2.00e-01,5.28e-01,1.50e+01,
1116,-2.00e-01,-2.00e-01,5.28e-01,1.50e+01,
1117,8.00e-01,6.00e-01,5.28e-01,1.50e+01,
1118,-2.00e-01,8.00e-01,5.28e-01,1.50e+01,
1119,8.00e-01,-2.00e-01,5.28e-01,1.50e+01,
1120,-2.00e-01,-2.00e-01,5.28e-01,1.50e+01,
1121,6.00e-01,6.00e-01,5.28e-01,1.50e+01,
1122,-2.00e-01,-2.00e-01,5.28e-01,1.50e+01,
1123,8.00e-01,6.00e-01,5.28e-01,1.50e+01,
1124,-2.00e-01,-2.00e-01,5.28e-01,1.50e+01,
1125,6.00e-01,6.00e-01,5.28e-01,1.50e+01,
1126,8.00e-01,-2.00e-01,5.28e-01,1.50e+01,
1127,-2.00e-01,8.00e-01,5.28e-01,1.50e+01,
1128,-2.00e-01,-2.00e-01,5.28e-01,1.50e+01,
1129,6.00e-01,4.00e-01,5.28e-01,1.50e+01,
1130,1.00e+00,6.00e-01,5.28e-01,1.50e+01,
1131,-2.00e-01,-2.00e-01,5.28e-01,1.50e+01,
1132,-2.00e-01,-2.00e-01,5.28e-01,1.50e+01,
1133,8.00e-01,6.00e-01,5.28e-01,1.50e+01,
1134,-2.00e-01,4.00e-01,5.28e-01,1.50e+01,
1135,8.00e-01,-2.00e-01,5.28e-01,1.50e+01,
1136,-2.00e-01,6.00e-01,5.28e-01,1.50e+01,
1137,6.00e-01,-2.00e-01,5.28e-01,1.50e+01,
1138,-2.00e-01,8.00e-01,5.28e-01,1.50e+01,
1139,8.00e-01,-2.00e-01,5.28e-01,1.50e+01,
1140,-2.00e-01,-2.00e-01,5.28e-01,1.50e+01,
1141,6.00e-01,6.00e-01,5.28e-01,1.50e+01,
1142,-2.00e-01,-2.00e-01,5.28e-01,1.50e+01,
1143,6.00e-01,4.00e-01,5.28e-01,1.50e+01,
1144,-2.00e-01,-2.00e-01,5.28e-01,1.50e+01,
1145,6.00e-01,4.00e-01,5.28e-01,1.50e+01,
1146,-2.00e-01,-2.00e-01,5.28e-01,1.50e+01,
1147,6.00e-01,4.00e-01,5.28e-01,1.50e+01,
1148,-2.00e-01,-2.00e-01,5.28e-01,1.50e+01,
1149,6.00e-01,6.00e-01,5.28e-01,1.50e+01,
1150,-2.00e-01,4.00e-01,5.28e-01,1.50e+01,
1151,1.00e+00,-2.00e-01,5.28e-01,1.50e+01,
1152,-2.00e-01,-2.00e-01,5.28e-01,1.50e+01,
1153,6.00e-01,6.00e-01,5.28e-01,1.50e+01,
1154,-2.00e-01,-2.00e-01,5.28e-01,1.50e+01,
1155,6.00e-01,6.00e-01,5.28e-01,1.50e+01,
1156,6.00e-01,-2.00e-01,5.28e-01,1.50e+01,
1157,-2.00e-01,6.00e-01,5.28e-01,1.50e+01,
1158,8.00e-01,-2.00e-01,5.28e-01,1.50e+01,
1159,-2.00e-01,4.00e-01,5.28e-01,1.50e+01,
1160,6.00e-01,6.00e-01,5.28e-01,1.50e+01,
1161,-2.00e-01,-2.00e-01,5.28e-01,1.50e+01,
1162,6.00e-01,-2.00e-01,5.28e-01,1.50e+01,
1163,-2.00e-01,6.00e-01,5.28e-01,1.50e+01,
1164,-2.00e-01,-2.00e-01,5.28e-01,1.50e+01,
1165,6.00e-01,4.00e-01,5.28e-01,1.50e+01,
1166,-2.00e-01,-2.00e-01,5.28e-01,1.50e+01,
1167,8.00e-01,6.00e-01,5.28e-01,1.50e+01,
1168,-2.00e-01,4.00e-01,5.28e-01,1.50e+01,
1169,8.00e-01,-2.00e-01,5.28e-01,1.50e+01,
1170,8.00e-01,-2.00e-01,5.28e-01,1.50e+01,
1171,-2.00e-01,6.00e-01,5.28e-01,1.50e+01,
1172,-2.00e-01,-2.00e-01,5.28e-01,1.50e+01,
1173,8.00e-01,4.00e-01,5.28e-01,1.50e+01,
1174,8.00e-01,8.00e-01,5.28e-01,1.50e+01,
1175,-2.00e-01,-2.00e-01,5.28e-01,1.50e+01,
1176,-2.00e-01,-2.00e-01,5.28e-01,1.50e+01,
1177,6.00e-01,6.00e-01,5.28e-01,1.50e+01,
1178,8.00e-01,8.00e-01,5.28e-01,1.50e+01,
1179,-2.00e-01,-2.00e-01,5.28e-01,1.50e+01,
1180,6.00e-01,-2.00e-01,5.28e-01,1.50e+01,
1181,-2.00e-01,6.00e-01,5.28e-01,1.50e+01,
1182,8.00e-01,8.00e-01,5.28e-01,1.50e+01,
1183,-2.00e-01,-2.00e-01,5.28e-01,1.50e+01,
1184,-2.00e-01,4.00e-01,5.28e-01,1.50e+01,
1185,6.00e-01,-2.00e-01,5.28e-01,1.50e+01,
1186,-2.00e-01,-2.00e-01,5.28e-01,1.50e+01,
1187,8.00e-01,6.00e-01,5.28e-01,1.50e+01,
1188,-2.00e-01,6.00e-01,5.28e-01,1.50e+01,
1189,6.00e-01,-2.00e-01,5.28e-01,1.50e+01,
1190,8.00e-01,-2.00e-01,5.28e-01,1.50e+01,
1191,-2.00e-01,6.00e-01,5.28e-01,1.50e+01,
1192,-2.00e-01,-2.00e-01,5.28e-01,1.50e+01,
1193,8.00e-01,6.00e-01,5.28e-01,1.50e+01,
1194,8.00e-01,-2.00e-01,5.28e-01,1.50e+01,
1195,-2.00e-01,6.00e-01,5.28e-01,1.50e+01,
1196,8.00e-01,-2.00e-01,5.28e-01,1.50e+01,
1197,-2.00e-01,4.00e-01,5.28e-01,1.50e+01,
1198,-2.00e-01,-2.00e-01,5.28e-01,1.50e+01,
1199,6.00e-01,4.00e-01,5.28e-01,1.50e+01,
